"","Accession","n","Protein.Group","Description","codes","K2","K4","K3","K5","K1"
"1","C1A8L8|CH60_GEMAT",2,2663,"60 kDa chaperonin OS=Gemmatimonas aurantiaca (strain T-27 / DSM 14586 / JCM 11422 / NBRC 100505) OX=379066 GN=groL PE=3 SV=1",379066,2,4,NA,NA,NA
"2","P12834|CH601_SYNP6",9,354,"60 kDa chaperonin 1 OS=Synechococcus sp. (strain ATCC 27144 / PCC 6301 / SAUG 1402/1) OX=269084 GN=groL1 PE=3 SV=2",269084,28,28,8,7,NA
"3","P22879|CH60_SYNE7",9,354,"60 kDa chaperonin OS=Synechococcus elongatus (strain PCC 7942 / FACHB-805) OX=1140 GN=groL PE=3 SV=2",1140,28,28,8,7,NA
"4","tr|A0A067P7C4|A0A067P7C4_PLEOS",7,575,"Uncharacterized protein OS=Pleurotus ostreatus PC15 OX=1137138 GN=PLEOSDRAFT_1081506 PE=4 SV=1",1137138,3,2,NA,NA,NA
"5","tr|A0A072YN03|A0A072YN03_CLONO",2,2864,"Putative regulatory protein Z958_02495 OS=Clostridium novyi B str. NCTC 9691 OX=1443122 GN=Z958_02495 PE=3 SV=1",1443122,3,2,NA,NA,NA
"6","tr|A0A073CTD6|A0A073CTD6_PLAAG",2,3048,"RbcR OS=Planktothrix agardhii NIVA-CYA 126/8 OX=388467 GN=rbcR PE=3 SV=1",388467,2,2,NA,NA,NA
"7","tr|A0A077JHA5|A0A077JHA5_9CYAN",2,2756,"Nitrogen-responsive regulatory protein OS=cyanobacterium endosymbiont of Epithemia turgida isolate EtSB Lake Yunoko OX=1228987 GN=ntcA PE=4 SV=1",1228987,4,NA,NA,NA,NA
"8","tr|A0A0B0QSG2|A0A0B0QSG2_APHF2",3,1249,"DNA-directed RNA polymerase subunit gamma OS=Aphanizomenon flos-aquae (strain 2012/KM1/D3) OX=1532906 GN=rpoC1 PE=3 SV=1",1532906,10,8,NA,NA,NA
"9","tr|A0A0B0QTB3|A0A0B0QTB3_APHF2",4,1101,"Carbon dioxide-concentrating protein CcmK OS=Aphanizomenon flos-aquae (strain 2012/KM1/D3) OX=1532906 GN=OA07_12830 PE=3 SV=1",1532906,9,10,NA,NA,NA
"10","tr|A0A0C2KRY5|A0A0C2KRY5_9CYAN",4,1101,"Carbon dioxide-concentrating protein CcmK OS=Tolypothrix campylonemoides VB511288 OX=1245935 GN=SD81_28105 PE=3 SV=1",1245935,9,10,NA,NA,NA
"11","tr|A0A0C2MBX4|A0A0C2MBX4_9CYAN",3,2271,"Bicarbonate-binding protein OS=Scytonema tolypothrichoides VB-61278 OX=1233231 GN=SD80_06765 PE=3 SV=1",1233231,NA,3,NA,NA,NA
"12","tr|A0A0D2JVB6|A0A0D2JVB6_9CHLO",2,2798,"Elongation factor Tu  chloroplastic OS=Monoraphidium neglectum OX=145388 GN=MNEG_5220 PE=3 SV=1",145388,2,NA,3,NA,NA
"13","tr|A0A0D8ZTV3|A0A0D8ZTV3_9CYAN",2,2267,"Phosphoglucosamine mutase OS=Aliterella atlantica CENA595 OX=1618023 GN=UH38_10520 PE=3 SV=1",1618023,6,5,NA,NA,NA
"14","tr|A0A0D8ZX60|A0A0D8ZX60_9CYAN",2,1850,"Phycocyanin OS=Aliterella atlantica CENA595 OX=1618023 GN=UH38_10430 PE=3 SV=1",1618023,13,3,NA,NA,NA
"15","tr|A0A0D8ZX73|A0A0D8ZX73_9CYAN",5,1958,"Phospholipid-binding protein OS=Aliterella atlantica CENA595 OX=1618023 GN=UH38_00850 PE=4 SV=1",1618023,3,4,NA,NA,NA
"16","tr|A0A0F2R967|A0A0F2R967_9PSED",2,2753,"Ferritin OS=Pseudomonas sp. BRH_c35 OX=1629711 GN=VR76_00045 PE=3 SV=1",1629711,5,2,NA,NA,NA
"17","tr|A0A0F6RNY4|A0A0F6RNY4_MICAE",2,2117,"Phycocyanin beta chain OS=Microcystis aeruginosa NIES-2549 OX=1641812 GN=MYAER_4261 PE=3 SV=1",1641812,7,5,NA,NA,NA
"18","tr|A0A0G2HN27|A0A0G2HN27_9SYNE",4,2001,"Allophycocyanin OS=Candidatus Synechococcus spongiarum SP3 OX=1604020 GN=TE42_00285 PE=3 SV=1",1604020,5,5,NA,2,2
"19","tr|A0A0K1S4J3|A0A0K1S4J3_9CHRO",2,2117,"Phycocyanin beta chain OS=Microcystis panniformis FACHB-1757 OX=1638788 GN=VL20_4027 PE=3 SV=1",1638788,7,5,NA,NA,NA
"20","tr|A0A0K1SAE5|A0A0K1SAE5_9CHRO",2,2756,"Global nitrogen regulatory protein CRP family of transcriptional regulator OS=Microcystis panniformis FACHB-1757 OX=1638788 GN=VL20_6260 PE=4 SV=1",1638788,4,NA,NA,NA,NA
"21","tr|A0A0K2LVT4|A0A0K2LVT4_9NOST",3,2389,"Peptidyl-prolyl cis-trans isomerase OS=Anabaena sp. WA102 OX=1647413 GN=AA650_05135 PE=3 SV=1",1647413,2,NA,NA,NA,NA
"22","tr|A0A0K2M0Z0|A0A0K2M0Z0_9NOST",4,1101,"Carbon dioxide-concentrating protein CcmK OS=Anabaena sp. WA102 OX=1647413 GN=AA650_14630 PE=3 SV=1",1647413,9,10,NA,NA,NA
"23","tr|A0A0K2ZX84|A0A0K2ZX84_XANCT",8,1239,"FAS1 domain-containing protein OS=Xanthomonas translucens pv. poae OX=227946 GN=XTPLMG728_2020 PE=4 SV=1",227946,2,2,NA,NA,NA
"24","tr|A0A0K6HLZ5|A0A0K6HLZ5_9RHOB",3,1880,"Mannose-binding protein/fructose-binding protein/ribose-binding protein OS=Pannonibacter indicus OX=466044 GN=Ga0061067_101124 PE=4 SV=1",466044,2,10,4,NA,NA
"25","tr|A0A0L0IVU1|A0A0L0IVU1_9RHOB",3,1880,"Sugar ABC transporter OS=Pannonibacter phragmitetus OX=121719 GN=APZ00_14785 PE=4 SV=1",121719,2,10,4,NA,NA
"26","tr|A0A0M0SKZ7|A0A0M0SKZ7_9CYAN",2,2746,"Elongation factor Ts OS=Hapalosiphon sp. MRB220 OX=1704290 GN=tsf PE=3 SV=1",1704290,2,4,NA,NA,NA
"27","tr|A0A0M3V6N3|A0A0M3V6N3_9NOSO",4,2004,"ATP synthase gamma chain OS=Nostoc piscinale CENA21 OX=224013 GN=atpG PE=3 SV=1",224013,4,2,3,NA,4
"28","tr|A0A0M4SHD6|A0A0M4SHD6_9NOSO",5,1491,"Nucleoside diphosphate kinase OS=Nostoc piscinale CENA21 OX=224013 GN=ndk PE=3 SV=1",224013,11,2,NA,NA,NA
"29","tr|A0A0N7Z3N3|A0A0N7Z3N3_9CYAN",2,2432,"Polyketide_cyc domain-containing protein OS=Leptolyngbya sp. NIES-2104 OX=1552121 GN=NIES2104_02930 PE=4 SV=1",1552121,NA,4,NA,NA,NA
"30","tr|A0A0P4UKM5|A0A0P4UKM5_9CYAN",11,85,"Phycocyanin beta chain OS=Leptolyngbya sp. NIES-2104 OX=1552121 GN=NIES2104_19250 PE=3 SV=1",1552121,20,26,5,8,18
"31","tr|A0A0P4UUI5|A0A0P4UUI5_9CYAN",9,667,"Urea ABC transporter  substrate binding protein UrtA OS=Leptolyngbya sp. NIES-2104 OX=1552121 GN=NIES2104_47500 PE=4 SV=1",1552121,2,2,2,NA,5
"32","tr|A0A0Q6R5S0|A0A0Q6R5S0_9MICO",5,1265,"Cold-shock protein OS=Yonghaparkia sp. Root332 OX=1736516 GN=ASC54_08850 PE=4 SV=1",1736516,5,7,7,5,2
"33","tr|A0A0Q6R845|A0A0Q6R845_9MICO",2,3011,"Sugar ABC transporter substrate-binding protein OS=Yonghaparkia sp. Root332 OX=1736516 GN=ASC54_01330 PE=4 SV=1",1736516,NA,2,3,NA,NA
"34","tr|A0A0Q6W7P5|A0A0Q6W7P5_9BURK",4,2220,"Uncharacterized protein OS=Pelomonas sp. Root1237 OX=1736434 GN=ASC91_20200 PE=4 SV=1",1736434,4,3,NA,NA,NA
"35","tr|A0A0Q7S9D4|A0A0Q7S9D4_9CAUL",2,3021,"OmpA-like domain-containing protein (Fragment) OS=Brevundimonas sp. Root1423 OX=1736462 GN=ASD25_10625 PE=4 SV=1",1736462,NA,2,3,NA,NA
"36","tr|A0A0R0MCD1|A0A0R0MCD1_9CYAN",3,1249,"DNA-directed RNA polymerase subunit gamma OS=Cylindrospermopsis sp. CR12 OX=1747196 GN=rpoC1 PE=3 SV=1",1747196,10,8,NA,NA,NA
"37","tr|A0A0R0MH59|A0A0R0MH59_9CYAN",3,1142,"XRE family transcriptional regulator OS=Cylindrospermopsis sp. CR12 OX=1747196 GN=ASL19_05390 PE=4 SV=1",1747196,8,12,NA,NA,NA
"38","tr|A0A0T2KRR3|A0A0T2KRR3_9MICO",3,1916,"ATP synthase subunit beta OS=Microbacterium sp. Root61 OX=1736570 GN=atpD PE=3 SV=1",1736570,NA,2,5,NA,NA
"39","tr|A0A0T7BTJ7|A0A0T7BTJ7_9CYAN",4,1101,"Carbon dioxide-concentrating protein CcmK OS=Calothrix sp. 336/3 OX=1337936 GN=IJ00_15090 PE=3 SV=1",1337936,9,10,NA,NA,NA
"40","tr|A0A0T7BWM2|A0A0T7BWM2_9CYAN",2,3048,"Transcriptional regulator OS=Calothrix sp. 336/3 OX=1337936 GN=IJ00_21190 PE=3 SV=1",1337936,2,2,NA,NA,NA
"41","tr|A0A0X8P181|A0A0X8P181_ALCXX",3,1977,"DNA-directed RNA polymerase subunit beta' OS=Alcaligenes xylosoxydans xylosoxydans OX=85698 GN=rpoC PE=3 SV=1",85698,3,6,NA,NA,NA
"42","tr|A0A0X8WR22|A0A0X8WR22_9CYAN",4,2405,"General L-amino acid-binding periplasmic protein AapJ OS=Leptolyngbya sp. O-77 OX=1080068 GN=aapJ PE=3 SV=1",1080068,3,2,NA,2,3
"43","tr|A0A0X8WUT4|A0A0X8WUT4_9CYAN",3,2018,"Uncharacterized protein OS=Leptolyngbya sp. O-77 OX=1080068 GN=O77CONTIG1_02689 PE=4 SV=1",1080068,2,NA,NA,NA,NA
"44","tr|A0A0X8WW16|A0A0X8WW16_9CYAN",9,268,"Allophycocyanin alpha chain OS=Leptolyngbya sp. O-77 OX=1080068 GN=apcA PE=3 SV=1",1080068,5,4,4,NA,NA
"45","tr|A0A110AUW4|A0A110AUW4_9CYAN",2,2048,"Coproporphyrin III ferrochelatase OS=Leptolyngbya sp. O-77 OX=1080068 GN=O77CONTIG1_00536 PE=3 SV=1",1080068,10,4,NA,NA,NA
"46","tr|A0A199NZ11|A0A199NZ11_XANCT",8,1239,"Fasciclin OS=Xanthomonas translucens pv. poae OX=227946 GN=A6R73_05185 PE=4 SV=1",227946,2,2,NA,NA,NA
"47","tr|A0A1B1TX37|A0A1B1TX37_9SYNE",3,1142,"DNA-binding response regulator OS=Synechococcus sp. PCC 7117 OX=195498 GN=AWQ22_05010 PE=4 SV=1",195498,8,12,NA,NA,NA
"48","tr|A0A1B7V516|A0A1B7V516_9NOST",4,1101,"Carbon dioxide-concentrating protein CcmK OS=Anabaena sp. LE011-02 OX=1710892 GN=AN482_09790 PE=3 SV=1",1710892,9,10,NA,NA,NA
"49","tr|A0A1B7VJ23|A0A1B7VJ23_9NOST",4,1101,"Carbon dioxide-concentrating protein CcmK OS=Anabaena sp. WA113 OX=1710889 GN=AN488_15830 PE=3 SV=1",1710889,9,10,NA,NA,NA
"50","tr|A0A1B7VXJ4|A0A1B7VXJ4_APHFL",4,1101,"Carbon dioxide-concentrating protein CcmK OS=Aphanizomenon flos-aquae LD13 OX=1710894 GN=AN481_09025 PE=3 SV=1",1710894,9,10,NA,NA,NA
"51","tr|A0A1B7W8C1|A0A1B7W8C1_9NOST",4,1101,"Carbon dioxide-concentrating protein CcmK OS=Anabaena sp. MDT14b OX=1710886 GN=AN485_18765 PE=3 SV=1",1710886,9,10,NA,NA,NA
"52","tr|A0A1B7WKL8|A0A1B7WKL8_9NOST",4,1101,"Carbon dioxide-concentrating protein CcmK OS=Anabaena sp. CRKS33 OX=1710888 GN=AN487_09745 PE=3 SV=1",1710888,9,10,NA,NA,NA
"53","tr|A0A1B7WNC1|A0A1B7WNC1_9NOST",4,2059,"Translation initiation factor IF-1 OS=Anabaena sp. CRKS33 OX=1710888 GN=infA PE=3 SV=1",1710888,2,NA,NA,NA,NA
"54","tr|A0A1B7X781|A0A1B7X781_APHFL",4,1101,"Carbon dioxide-concentrating protein CcmK OS=Aphanizomenon flos-aquae WA102 OX=1710896 GN=AN484_02945 PE=3 SV=1",1710896,9,10,NA,NA,NA
"55","tr|A0A1C0VF05|A0A1C0VF05_9NOSO",5,1491,"Nucleoside diphosphate kinase OS=Nostoc sp. MBR 210 OX=1881015 GN=ndk PE=3 SV=1",1881015,11,2,NA,NA,NA
"56","tr|A0A1D2P358|A0A1D2P358_9CYAN",4,1101,"Carbon dioxide-concentrating protein CcmK OS=Scytonema millei VB511283 OX=1245923 GN=QH73_003670 PE=3 SV=1",1245923,9,10,NA,NA,NA
"57","tr|A0A1D8TWI7|A0A1D8TWI7_9CYAN",2,2520,"Glutathione S-transferase OS=Moorea producens PAL-8-15-08-1 OX=1458985 GN=BJP34_23620 PE=3 SV=1",1458985,4,5,NA,NA,NA
"58","tr|A0A1D9G493|A0A1D9G493_9CYAN",2,2520,"Glutathione S-transferase OS=Moorea producens JHB OX=1454205 GN=BJP36_22890 PE=3 SV=1",1454205,4,5,NA,NA,NA
"59","tr|A0A1E2WEG2|A0A1E2WEG2_9NOSO",4,1101,"Carbon dioxide-concentrating protein CcmK OS=Nostoc sp. KVJ20 OX=457944 GN=A4S05_17575 PE=3 SV=1",457944,9,10,NA,NA,NA
"60","tr|A0A1E4B3P2|A0A1E4B3P2_9BACT",2,2663,"60 kDa chaperonin OS=Gemmatimonadetes bacterium SCN 70-22 OX=1660163 GN=groL PE=3 SV=1",1660163,2,4,NA,NA,NA
"61","tr|A0A1E4M6G6|A0A1E4M6G6_9MICO",7,1646,"Cold-shock protein OS=Leifsonia sp. SCN 70-46 OX=1660107 GN=ABT06_14890 PE=4 SV=1",1660107,NA,NA,2,2,3
"62","tr|A0A1E4QL66|A0A1E4QL66_MICAE",2,2117,"Phycocyanin beta chain OS=Microcystis aeruginosa NIES-98 OX=267869 GN=BFG60_0191 PE=3 SV=1",267869,7,5,NA,NA,NA
"63","tr|A0A1E5QMT7|A0A1E5QMT7_9CYAN",3,2018,"Uncharacterized protein OS=Desertifilum sp. IPPAS B-1220 OX=1781255 GN=BH720_06910 PE=4 SV=1",1781255,2,NA,NA,NA,NA
"64","tr|A0A1G2ZJX9|A0A1G2ZJX9_9BACT",2,2707,"60 kDa chaperonin OS=Planctomycetes bacterium RBG_16_43_13 OX=1801967 GN=groL PE=3 SV=1",1801967,2,5,NA,NA,NA
"65","tr|A0A1H9GR64|A0A1H9GR64_9PSEU",2,1947,"Uncharacterized protein OS=Lentzea albida OX=65499 GN=SAMN04488000_103239 PE=4 SV=1",65499,NA,NA,10,NA,NA
"66","tr|A0A1I4GRT2|A0A1I4GRT2_9PROT",3,1977,"DNA-directed RNA polymerase subunit beta' OS=Nitrosomonas aestuarii OX=52441 GN=rpoC PE=3 SV=1",52441,3,6,NA,NA,NA
"67","tr|A0A1J1LRW1|A0A1J1LRW1_9CYAN",3,2845,"UDP-glucuronate decarboxylase OS=Planktothrix tepida PCC 9214 OX=671072 GN=PL9214650381 PE=3 SV=1",671072,2,2,NA,NA,NA
"68","tr|A0A1J1LT69|A0A1J1LT69_9CYAN",2,3048,"Putative RuBisCO transcriptional regulator OS=Planktothrix tepida PCC 9214 OX=671072 GN=rbcR PE=3 SV=1",671072,2,2,NA,NA,NA
"69","tr|A0A1L9QQ97|A0A1L9QQ97_9CYAN",3,2018,"Uncharacterized protein OS=Roseofilum reptotaenium AO1-A OX=1925591 GN=BI308_14745 PE=4 SV=1",1925591,2,NA,NA,NA,NA
"70","tr|A0A1M5A620|A0A1M5A620_9RHIZ",3,2113,"Inositol transport system substrate-binding protein OS=Kaistia soli DSM 19436 OX=1122133 GN=SAMN02745157_2026 PE=4 SV=1",1122133,NA,2,NA,NA,NA
"71","tr|A0A1Q4AWD3|A0A1Q4AWD3_9MICO",7,1646,"Cold-shock protein OS=Micrococcales bacterium 70-64 OX=1895789 GN=BGO97_14890 PE=4 SV=1",1895789,NA,NA,2,2,3
"72","tr|A0A1Q8Z7N5|A0A1Q8Z7N5_9CYAN",2,2868,"DNA-directed RNA polymerase subunit alpha OS=Leptolyngbya sp. 'hensonii' OX=1922337 GN=rpoA PE=3 SV=1",1922337,NA,2,NA,NA,NA
"73","tr|A0A1Q8Z933|A0A1Q8Z933_9CYAN",2,2928,"Chaperone protein DnaK OS=Leptolyngbya sp. 'hensonii' OX=1922337 GN=dnaK PE=2 SV=1",1922337,NA,2,NA,NA,NA
"74","tr|A0A1U7HAQ7|A0A1U7HAQ7_9CHRO",5,1400,"ATP-dependent zinc metalloprotease FtsH OS=Chroogloeocystis siderophila 5.2 s.c.1 OX=247279 GN=ftsH PE=3 SV=1",247279,7,5,4,2,2
"75","tr|A0A1U7HV10|A0A1U7HV10_9CHRO",4,320,"Phycocyanin subunit beta OS=Chroogloeocystis siderophila 5.2 s.c.1 OX=247279 GN=NIES1031_09065 PE=3 SV=1",247279,42,38,NA,4,19
"76","tr|A0A1U7HZN4|A0A1U7HZN4_9CHRO",7,1133,"Carbon dioxide-concentrating protein CcmK OS=Chroogloeocystis siderophila 5.2 s.c.1 OX=247279 GN=NIES1031_00490 PE=3 SV=1",247279,5,3,3,NA,NA
"77","tr|A0A1U7J2T5|A0A1U7J2T5_9CYAN",5,1744,"30S ribosomal protein S19 OS=Phormidium tenue NIES-30 OX=549789 GN=rpsS PE=3 SV=1",549789,2,3,NA,NA,NA
"78","tr|A0A1X7DIP4|A0A1X7DIP4_9ACTN",4,2205,"Elongation factor Tu OS=Streptomyces sp. Amel2xC10 OX=1305826 GN=tuf PE=3 SV=1",1305826,4,3,2,NA,NA
"79","tr|A0A1Y0RGE7|A0A1Y0RGE7_9CYAN",2,2318,"NADPH-protochlorophyllide oxidoreductase OS=Nostocales cyanobacterium HT-58-2 OX=1940762 GN=BZZ01_05175 PE=3 SV=1",1940762,3,7,NA,NA,NA
"80","tr|A0A1Z3HQM9|A0A1Z3HQM9_9CYAN",3,2612,"Phage shock protein A OS=Halomicronema hongdechloris C2206 OX=1641165 GN=XM38_035200 PE=3 SV=1",1641165,3,NA,NA,NA,NA
"81","tr|A0A1Z4GAX3|A0A1Z4GAX3_9CYAN",3,560,"Phycoerythrocyanin beta chain OS=Anabaenopsis circularis NIES-21 OX=1085406 GN=pecB PE=3 SV=1",1085406,25,24,NA,6,NA
"82","tr|A0A1Z4IRL3|A0A1Z4IRL3_9CYAN",3,1142,"Two component transcriptional regulator OS=Scytonema sp. HK-05 OX=1137095 GN=SAMD00079811_22340 PE=4 SV=1",1137095,8,12,NA,NA,NA
"83","tr|A0A1Z4IV34|A0A1Z4IV34_9CYAN",2,3048,"Transcriptional regulator  RbcR homolog OS=Scytonema sp. HK-05 OX=1137095 GN=SAMD00079811_34660 PE=3 SV=1",1137095,2,2,NA,NA,NA
"84","tr|A0A1Z4IVG8|A0A1Z4IVG8_9CYAN",4,1101,"Microcompartment protein OS=Scytonema sp. HK-05 OX=1137095 GN=SAMD00079811_36510 PE=3 SV=1",1137095,9,10,NA,NA,NA
"85","tr|A0A1Z4IWW0|A0A1Z4IWW0_9CYAN",3,2271,"Bicarbonate transport bicarbonate-binding protein CmpA OS=Scytonema sp. HK-05 OX=1137095 GN=cmpA PE=4 SV=1",1137095,NA,3,NA,NA,NA
"86","tr|A0A1Z4J4K7|A0A1Z4J4K7_9CYAN",2,2410,"Transketolase OS=Scytonema sp. HK-05 OX=1137095 GN=SAMD00079811_68340 PE=3 SV=1",1137095,7,3,NA,NA,NA
"87","tr|A0A1Z4JAD5|A0A1Z4JAD5_LEPBY",5,1279,"LuxR family transcriptional regulator OS=Leptolyngbya boryana NIES-2135 OX=1973484 GN=NIES2135_02020 PE=4 SV=1",1973484,6,9,NA,NA,NA
"88","tr|A0A1Z4JAX7|A0A1Z4JAX7_LEPBY",3,1142,"Two component transcriptional regulator OS=Leptolyngbya boryana NIES-2135 OX=1973484 GN=NIES2135_06300 PE=4 SV=1",1973484,8,12,NA,NA,NA
"89","tr|A0A1Z4JFQ4|A0A1Z4JFQ4_LEPBY",9,297,"Carbohydrate-selective porin OprB OS=Leptolyngbya boryana NIES-2135 OX=1973484 GN=NIES2135_23850 PE=3 SV=1",1973484,2,7,2,2,NA
"90","tr|A0A1Z4JH59|A0A1Z4JH59_LEPBY",3,2018,"Uncharacterized protein OS=Leptolyngbya boryana NIES-2135 OX=1973484 GN=NIES2135_29350 PE=4 SV=1",1973484,2,NA,NA,NA,NA
"91","tr|A0A1Z4JJX2|A0A1Z4JJX2_LEPBY",3,1962,"Phycobilisome linker polypeptide OS=Leptolyngbya boryana NIES-2135 OX=1973484 GN=NIES2135_39160 PE=3 SV=1",1973484,6,3,NA,6,NA
"92","tr|A0A1Z4JKR1|A0A1Z4JKR1_LEPBY",5,1330,"Rhodanese domain-containing protein OS=Leptolyngbya boryana NIES-2135 OX=1973484 GN=NIES2135_41890 PE=4 SV=1",1973484,9,5,NA,NA,NA
"93","tr|A0A1Z4JQA9|A0A1Z4JQA9_LEPBY",2,2756,"Nitrogen-responsive regulatory protein OS=Leptolyngbya boryana NIES-2135 OX=1973484 GN=NIES2135_57870 PE=4 SV=1",1973484,4,NA,NA,NA,NA
"94","tr|A0A1Z4KC15|A0A1Z4KC15_9CYAN",2,2007,"Peptidase S8/S53 OS=Calothrix brevissima NIES-22 OX=1973478 GN=NIES22_66650 PE=4 SV=1",1973478,11,3,NA,NA,NA
"95","tr|A0A1Z4KJ91|A0A1Z4KJ91_ANAVA",5,1491,"Nucleoside diphosphate kinase OS=Trichormus variabilis NIES-23 OX=1973479 GN=ndk PE=3 SV=1",1973479,11,2,NA,NA,NA
"96","tr|A0A1Z4KZX7|A0A1Z4KZX7_NOSLI",2,2654,"Glutaredoxin family protein OS=Nostoc linckia NIES-25 OX=1091006 GN=NIES25_09950 PE=4 SV=1",1091006,3,NA,5,NA,NA
"97","tr|A0A1Z4Q2V4|A0A1Z4Q2V4_9CYAN",3,2271,"Bicarbonate transport bicarbonate-binding protein CmpA OS=Scytonema sp. NIES-4073 OX=2005464 GN=cmpA PE=4 SV=1",2005464,NA,3,NA,NA,NA
"98","tr|A0A1Z4Q7A7|A0A1Z4Q7A7_9CYAN",4,1101,"Microcompartment protein OS=Scytonema sp. NIES-4073 OX=2005464 GN=NIES4073_70130 PE=3 SV=1",2005464,9,10,NA,NA,NA
"99","tr|A0A1Z4QDE6|A0A1Z4QDE6_9NOST",5,1491,"Nucleoside diphosphate kinase OS=Cylindrospermum sp. NIES-4074 OX=2005457 GN=ndk PE=3 SV=1",2005457,11,2,NA,NA,NA
"100","tr|A0A1Z4QFX4|A0A1Z4QFX4_9NOST",3,1142,"Two component transcriptional regulator OS=Cylindrospermum sp. NIES-4074 OX=2005457 GN=NIES4074_15570 PE=4 SV=1",2005457,8,12,NA,NA,NA
"101","tr|A0A1Z4QQK5|A0A1Z4QQK5_9NOST",5,1797,"30S ribosomal protein S5 OS=Cylindrospermum sp. NIES-4074 OX=2005457 GN=rpsE PE=3 SV=1",2005457,4,3,NA,NA,NA
"102","tr|A0A1Z4QQL7|A0A1Z4QQL7_9NOST",4,2059,"Translation initiation factor IF-1 OS=Cylindrospermum sp. NIES-4074 OX=2005457 GN=infA PE=3 SV=1",2005457,2,NA,NA,NA,NA
"103","tr|A0A1Z4SA29|A0A1Z4SA29_9NOSO",3,2309,"Phycobilisome linker polypeptide OS=Nostoc sp. NIES-4103 OX=2005458 GN=NIES4103_42320 PE=3 SV=1",2005458,3,4,NA,4,NA
"104","tr|A0A1Z4SCH9|A0A1Z4SCH9_9NOSO",8,519,"Chaperone protein DnaK OS=Nostoc sp. NIES-4103 OX=2005458 GN=dnaK PE=2 SV=1",2005458,8,14,2,NA,NA
"105","tr|A0A1Z4SCJ3|A0A1Z4SCJ3_9NOSO",5,1491,"Nucleoside diphosphate kinase OS=Nostoc sp. NIES-4103 OX=2005458 GN=ndk PE=3 SV=1",2005458,11,2,NA,NA,NA
"106","tr|A0A1Z4SD03|A0A1Z4SD03_9NOSO",4,2059,"Translation initiation factor IF-1 OS=Nostoc sp. NIES-4103 OX=2005458 GN=infA PE=3 SV=1",2005458,2,NA,NA,NA,NA
"107","tr|A0A1Z4SEX2|A0A1Z4SEX2_9NOSO",3,1142,"Two-component response regulator OS=Nostoc sp. NIES-4103 OX=2005458 GN=ycf27 PE=4 SV=1",2005458,8,12,NA,NA,NA
"108","tr|A0A1Z4TJZ6|A0A1Z4TJZ6_9CYAN",4,1101,"Microcompartment protein OS=Fischerella sp. NIES-4106 OX=2005456 GN=NIES4106_20460 PE=3 SV=1",2005456,9,10,NA,NA,NA
"109","tr|A0A1Z4V5A8|A0A1Z4V5A8_9CYAN",4,1101,"Microcompartment protein OS=Dolichospermum compactum NIES-806 OX=1973481 GN=NIES806_27420 PE=3 SV=1",1973481,9,10,NA,NA,NA
"110","tr|A0A1Z4VDC4|A0A1Z4VDC4_9CYAN",4,2059,"Translation initiation factor IF-1 OS=Raphidiopsis curvata NIES-932 OX=1973482 GN=infA PE=3 SV=1",1973482,2,NA,NA,NA,NA
"111","tr|A0A1Z4VE81|A0A1Z4VE81_9CYAN",3,1249,"DNA-directed RNA polymerase subunit gamma OS=Raphidiopsis curvata NIES-932 OX=1973482 GN=rpoC1 PE=3 SV=1",1973482,10,8,NA,NA,NA
"112","tr|A0A218Q2X8|A0A218Q2X8_9CYAN",2,3048,"Transcriptional regulator  RbcR homolog OS=Nodularia sp. NIES-3585 OX=1973477 GN=NIES3585_22270 PE=3 SV=1",1973477,2,2,NA,NA,NA
"113","tr|A0A218QC51|A0A218QC51_9CYAN",4,1101,"Microcompartment protein OS=Tolypothrix sp. NIES-4075 OX=2005459 GN=NIES4075_04270 PE=3 SV=1",2005459,9,10,NA,NA,NA
"114","tr|A0A218QJR2|A0A218QJR2_9CYAN",4,1477,"Photosystem I reaction center subunit II OS=Tolypothrix sp. NIES-4075 OX=2005459 GN=NIES4075_30040 PE=3 SV=1",2005459,8,7,NA,NA,NA
"115","tr|A0A228QL57|A0A228QL57_9BURK",3,1977,"DNA-directed RNA polymerase subunit beta' OS=Burkholderia sp. HI2761 OX=2015360 GN=rpoC PE=3 SV=1",2015360,3,6,NA,NA,NA
"116","tr|A0A235IJ65|A0A235IJ65_9NOSO",5,1491,"Nucleoside diphosphate kinase OS=Nostoc sp. 'Peltigera membranacea cyanobiont' 210A OX=2014529 GN=ndk PE=3 SV=1",2014529,11,2,NA,NA,NA
"117","tr|A0A235IR11|A0A235IR11_9NOSO",2,2007,"Uncharacterized protein OS=Nostoc sp. 'Peltigera membranacea cyanobiont' 232 OX=2014531 GN=CDG79_34815 PE=4 SV=1",2014531,11,3,NA,NA,NA
"118","tr|A0A250XAZ7|A0A250XAZ7_9CHLO",2,2798,"Elongation factor Tu  chloroplastic OS=Chlamydomonas eustigma OX=1157962 GN=CEUSTIGMA_g7689.t1 PE=3 SV=1",1157962,2,NA,3,NA,NA
"119","tr|A0A252DTU1|A0A252DTU1_9NOSO",3,729,"Phycocyanin subunit beta OS=Nostoc sp. RF31YmG OX=1932668 GN=BV378_02765 PE=3 SV=1",1932668,18,21,NA,6,NA
"120","tr|A0A258HIW2|A0A258HIW2_9MICO",5,1265,"Cold-shock protein OS=Micrococcales bacterium 32-70-13 OX=1970540 GN=B7Y93_04065 PE=4 SV=1",1970540,5,7,7,5,2
"121","tr|A0A259MK25|A0A259MK25_9PROT",8,429,"Fasciclin OS=Rhodospirillales bacterium 39-66-50 OX=1970570 GN=B7X63_15405 PE=4 SV=1",1970570,2,2,NA,NA,NA
"122","tr|A0A261KV94|A0A261KV94_9CYAN",4,2059,"Translation initiation factor IF-1 OS=Hydrocoleum sp. CS-953 OX=1671698 GN=infA PE=3 SV=1",1671698,2,NA,NA,NA,NA
"123","tr|A0A2A2TK42|A0A2A2TK42_9CYAN",2,3048,"LysR family transcriptional regulator OS=Calothrix elsteri CCALA 953 OX=987040 GN=CK510_10915 PE=3 SV=1",987040,2,2,NA,NA,NA
"124","tr|A0A2A2TPX3|A0A2A2TPX3_9CYAN",7,842,"Fasciclin OS=Calothrix elsteri CCALA 953 OX=987040 GN=CK510_01420 PE=4 SV=1",987040,6,6,NA,NA,NA
"125","tr|A0A2E0L0L3|A0A2E0L0L3_9CHLR",4,1260,"60 kDa chaperonin OS=Anaerolineaceae bacterium OX=2024896 GN=groL PE=3 SV=1",2024896,2,NA,NA,NA,NA
"126","tr|A0A2G4EV59|A0A2G4EV59_9CYAN",7,794,"Beta-Ig-H3/fasciclin OS=Tychonema bourrellyi FEM_GT703 OX=2040638 GN=CP500_021865 PE=4 SV=1",2040638,6,NA,2,NA,NA
"127","tr|A0A2G4EYB1|A0A2G4EYB1_9CYAN",8,660,"Ribulose bisphosphate carboxylase large chain OS=Tychonema bourrellyi FEM_GT703 OX=2040638 GN=rbcL PE=3 SV=1",2040638,13,7,10,5,3
"128","tr|A0A2G4EYE5|A0A2G4EYE5_9CYAN",8,582,"30S ribosomal protein S1 OS=Tychonema bourrellyi FEM_GT703 OX=2040638 GN=CP500_015965 PE=4 SV=1",2040638,19,11,2,7,NA
"129","tr|A0A2G4F0E3|A0A2G4F0E3_9CYAN",3,2332,"Superoxide dismutase OS=Tychonema bourrellyi FEM_GT703 OX=2040638 GN=CP500_011895 PE=3 SV=1",2040638,4,2,4,NA,NA
"130","tr|A0A2G4F274|A0A2G4F274_9CYAN",9,430,"Porin OS=Tychonema bourrellyi FEM_GT703 OX=2040638 GN=CP500_008415 PE=3 SV=1",2040638,8,3,7,2,NA
"131","tr|A0A2G4F282|A0A2G4F282_9CYAN",4,280,"Bleomycin hydrolase OS=Tychonema bourrellyi FEM_GT703 OX=2040638 GN=CP500_008440 PE=3 SV=1",2040638,74,15,21,6,NA
"132","tr|A0A2G4F432|A0A2G4F432_9CYAN",8,413,"Chaperone protein DnaK OS=Tychonema bourrellyi FEM_GT703 OX=2040638 GN=dnaK PE=2 SV=1",2040638,20,18,5,NA,NA
"133","tr|A0A2G4F618|A0A2G4F618_9CYAN",2,2111,"50S ribosomal protein L15 OS=Tychonema bourrellyi FEM_GT703 OX=2040638 GN=rplO PE=3 SV=1",2040638,10,NA,3,NA,NA
"134","tr|A0A2G4F675|A0A2G4F675_9CYAN",2,2162,"Phycobiliprotein ApcE OS=Tychonema bourrellyi FEM_GT703 OX=2040638 GN=CP500_002560 PE=3 SV=1",2040638,7,NA,5,NA,NA
"135","tr|A0A2G8KRV2|A0A2G8KRV2_STIJA",2,1198,"Tubulin beta chain OS=Stichopus japonicus OX=307972 GN=BSL78_12375 PE=3 SV=1",307972,14,13,NA,NA,NA
"136","tr|A0A2H5XBS4|A0A2H5XBS4_9BACT",7,1424,"Immunogenic protein MPB70 OS=bacterium HR17 OX=2035412 GN=HRbin17_01147 PE=4 SV=1",2035412,2,2,2,NA,NA
"137","tr|A0A2H6BNE9|A0A2H6BNE9_MICAE",2,2756,"Global nitrogen regulator NtcA OS=Microcystis aeruginosa NIES-298 OX=449468 GN=NIES298_13650 PE=4 SV=1",449468,4,NA,NA,NA,NA
"138","tr|A0A2H6BXJ9|A0A2H6BXJ9_MICAE",2,2117,"Phycocyanin subunit beta OS=Microcystis aeruginosa NIES-298 OX=449468 GN=NIES298_30010 PE=3 SV=1",449468,7,5,NA,NA,NA
"139","tr|A0A2H6LGR0|A0A2H6LGR0_9NOSO",3,560,"Phycobilisome protein OS=Nostoc cycadae WK-1 OX=1861711 GN=NCWK1_2091 PE=3 SV=1",1861711,25,24,NA,6,NA
"140","tr|A0A2H6LLA3|A0A2H6LLA3_9NOSO",4,2059,"Translation initiation factor IF-1 OS=Nostoc cycadae WK-1 OX=1861711 GN=infA PE=3 SV=1",1861711,2,NA,NA,NA,NA
"141","tr|A0A2H6LR07|A0A2H6LR07_9NOSO",4,2004,"ATP synthase gamma chain OS=Nostoc cycadae WK-1 OX=1861711 GN=atpG PE=3 SV=1",1861711,4,2,3,NA,4
"142","tr|A0A2K8ST99|A0A2K8ST99_9NOSO",4,1101,"CcmK  carbon dioxide concentrating mechanism protein CcmK OS=Nostoc flagelliforme CCNUN1 OX=2038116 GN=COO91_04648 PE=3 SV=1",2038116,9,10,NA,NA,NA
"143","tr|A0A2N5JP95|A0A2N5JP95_9CYAN",4,1186,"Phycocyanin subunit alpha OS=Cyanobacteria bacterium M5B4 OX=2054928 GN=cpcA PE=3 SV=1",2054928,13,8,3,4,NA
"144","tr|A0A2N6M1L6|A0A2N6M1L6_9CYAN",4,2059,"Translation initiation factor IF-1 OS=Fischerella thermalis CCMEE 5205 OX=2019671 GN=infA PE=3 SV=1",2019671,2,NA,NA,NA,NA
"145","tr|A0A2P1UGR1|A0A2P1UGR1_9CHRO",2,2117,"Phycocyanin subunit beta OS=Microcystis sp. MC19 OX=1967666 GN=B5D77_13085 PE=3 SV=1",1967666,7,5,NA,NA,NA
"146","tr|A0A2P6TNM1|A0A2P6TNM1_CHLSO",2,2798,"Eukaryotic translation elongation factor 1 alpha 2 OS=Chlorella sorokiniana OX=3076 GN=C2E21_5641 PE=3 SV=1",3076,2,NA,3,NA,NA
"147","tr|A0A2P6TNV4|A0A2P6TNV4_CHLSO",2,2798,"Eukaryotic translation elongation factor 1 alpha 2 OS=Chlorella sorokiniana OX=3076 GN=C2E21_5643 PE=3 SV=1",3076,2,NA,3,NA,NA
"148","tr|A0A2P8QNZ6|A0A2P8QNZ6_9CYAN",3,338,"Phycocyanin subunit beta OS=Chroococcidiopsis sp. CCALA 051 OX=869949 GN=C7Y66_17135 PE=3 SV=1",869949,46,37,NA,13,NA
"149","tr|A0A2P8QT78|A0A2P8QT78_9CYAN",2,2577,"Allophycocyanin OS=Chroococcidiopsis sp. CCALA 051 OX=869949 GN=C7Y66_08825 PE=3 SV=1",869949,4,4,NA,NA,NA
"150","tr|A0A2R5FX20|A0A2R5FX20_NOSCO",4,1101,"Microcompartment protein OS=Nostoc commune NIES-4072 OX=2005467 GN=NIES4072_57140 PE=3 SV=1",2005467,9,10,NA,NA,NA
"151","tr|A0A2T1CFT4|A0A2T1CFT4_9CYAN",2,2528,"Uncharacterized protein OS=filamentous cyanobacterium Phorm 46 OX=2107705 GN=C7B69_23700 PE=4 SV=1",2107705,7,NA,2,NA,NA
"152","tr|A0A2T1CXQ4|A0A2T1CXQ4_9CYAN",2,3012,"Organic solvent tolerance protein OstA OS=filamentous cyanobacterium CCP2 OX=2107700 GN=C7B76_21675 PE=4 SV=1",2107700,2,3,NA,NA,NA
"153","tr|A0A2T1CZ40|A0A2T1CZ40_9CYAN",2,2270,"Uncharacterized protein OS=filamentous cyanobacterium Phorm 46 OX=2107705 GN=C7B69_20180 PE=4 SV=1",2107705,6,NA,5,NA,NA
"154","tr|A0A2T1CZ47|A0A2T1CZ47_9CYAN",2,2429,"Phospholipid-binding protein OS=filamentous cyanobacterium Phorm 46 OX=2107705 GN=C7B69_20120 PE=4 SV=1",2107705,5,NA,5,NA,NA
"155","tr|A0A2T1D2X3|A0A2T1D2X3_9CYAN",8,340,"RNA-binding protein OS=Phormidesmis priestleyi ULC007 OX=1920490 GN=C7B65_25800 PE=4 SV=1",1920490,5,7,NA,3,NA
"156","tr|A0A2T1D3J8|A0A2T1D3J8_9CYAN",3,1596,"ATP-dependent Clp protease proteolytic subunit OS=Phormidesmis priestleyi ULC007 OX=1920490 GN=clpP PE=3 SV=1",1920490,2,NA,NA,NA,NA
"157","tr|A0A2T1D5P1|A0A2T1D5P1_9CYAN",6,445,"HU family DNA-binding protein OS=Phormidesmis priestleyi ULC007 OX=1920490 GN=C7B65_23695 PE=3 SV=1",1920490,2,NA,NA,NA,NA
"158","tr|A0A2T1D646|A0A2T1D646_9CYAN",6,1054,"Photosystem II CP43 reaction center protein OS=Phormidesmis priestleyi ULC007 OX=1920490 GN=psbC PE=3 SV=1",1920490,8,8,NA,NA,NA
"159","tr|A0A2T1D6A6|A0A2T1D6A6_9CYAN",7,674,"Phycobiliprotein ApcE OS=Phormidesmis priestleyi ULC007 OX=1920490 GN=C7B65_22910 PE=3 SV=1",1920490,4,6,NA,NA,NA
"160","tr|A0A2T1D784|A0A2T1D784_9CYAN",5,784,"Bicarbonate-binding protein OS=Phormidesmis priestleyi ULC007 OX=1920490 GN=C7B65_21905 PE=3 SV=1",1920490,14,13,NA,NA,NA
"161","tr|A0A2T1D797|A0A2T1D797_9CYAN",9,284,"Chaperone protein DnaK OS=Phormidesmis priestleyi ULC007 OX=1920490 GN=dnaK PE=2 SV=1",1920490,3,6,NA,2,4
"162","tr|A0A2T1D8C5|A0A2T1D8C5_9CYAN",4,2185,"Histidinol dehydrogenase OS=Phormidesmis priestleyi ULC007 OX=1920490 GN=hisD PE=3 SV=1",1920490,3,5,NA,NA,NA
"163","tr|A0A2T1D8J6|A0A2T1D8J6_9CYAN",7,262,"AMIN domain-containing protein OS=Phormidesmis priestleyi ULC007 OX=1920490 GN=C7B65_20405 PE=3 SV=1",1920490,3,3,NA,NA,NA
"164","tr|A0A2T1DA47|A0A2T1DA47_9CYAN",5,651,"ATP-dependent Clp protease proteolytic subunit OS=Phormidesmis priestleyi ULC007 OX=1920490 GN=clpP PE=3 SV=1",1920490,NA,8,NA,NA,NA
"165","tr|A0A2T1DAM9|A0A2T1DAM9_9CYAN",9,634,"Urea ABC transporter substrate-binding protein OS=Phormidesmis priestleyi ULC007 OX=1920490 GN=urtA PE=4 SV=1",1920490,5,7,2,NA,5
"166","tr|A0A2T1DB53|A0A2T1DB53_9CYAN",2,2172,"Type 1 glutamine amidotransferase OS=filamentous cyanobacterium Phorm 46 OX=2107705 GN=C7B69_17185 PE=3 SV=1",2107705,3,NA,9,NA,NA
"167","tr|A0A2T1DB89|A0A2T1DB89_9CYAN",4,1923,"Nucleoid-associated protein C7B65_17660 OS=Phormidesmis priestleyi ULC007 OX=1920490 GN=C7B65_17660 PE=3 SV=1",1920490,NA,NA,NA,NA,2
"168","tr|A0A2T1DBW2|A0A2T1DBW2_9CYAN",7,347,"DUF4331 domain-containing protein OS=Phormidesmis priestleyi ULC007 OX=1920490 GN=C7B65_17070 PE=4 SV=1",1920490,6,4,NA,NA,NA
"169","tr|A0A2T1DC92|A0A2T1DC92_9CYAN",7,706,"Cytochrome c-550 OS=Phormidesmis priestleyi ULC007 OX=1920490 GN=psbV PE=3 SV=1",1920490,2,2,NA,NA,NA
"170","tr|A0A2T1DCE2|A0A2T1DCE2_9CYAN",9,249,"Porin OS=Phormidesmis priestleyi ULC007 OX=1920490 GN=C7B65_16480 PE=3 SV=1",1920490,2,10,2,2,NA
"171","tr|A0A2T1DCM7|A0A2T1DCM7_9CYAN",3,1414,"Photosystem reaction center subunit H OS=filamentous cyanobacterium CCP2 OX=2107700 GN=C7B76_08510 PE=4 SV=1",2107700,NA,14,NA,2,NA
"172","tr|A0A2T1DCQ5|A0A2T1DCQ5_9CYAN",3,2018,"DUF1257 domain-containing protein OS=Phormidesmis priestleyi ULC007 OX=1920490 GN=C7B65_16155 PE=4 SV=1",1920490,2,NA,NA,NA,NA
"173","tr|A0A2T1DD05|A0A2T1DD05_9CYAN",9,42,"S-layer protein OS=Phormidesmis priestleyi ULC007 OX=1920490 GN=C7B65_15860 PE=3 SV=1",1920490,5,13,3,2,NA
"174","tr|A0A2T1DD61|A0A2T1DD61_9CYAN",7,318,"Uncharacterized protein OS=Phormidesmis priestleyi ULC007 OX=1920490 GN=C7B65_15320 PE=4 SV=1",1920490,2,2,NA,NA,NA
"175","tr|A0A2T1DDD3|A0A2T1DDD3_9CYAN",7,678,"Superoxide dismutase OS=Phormidesmis priestleyi ULC007 OX=1920490 GN=C7B65_15395 PE=3 SV=1",1920490,3,2,NA,NA,NA
"176","tr|A0A2T1DEW5|A0A2T1DEW5_9CYAN",5,1270,"Glutathione S-transferase family protein OS=Phormidesmis priestleyi ULC007 OX=1920490 GN=C7B65_13455 PE=4 SV=1",1920490,4,2,NA,NA,NA
"177","tr|A0A2T1DF44|A0A2T1DF44_9CYAN",3,2289,"Phosphoribulokinase OS=Phormidesmis priestleyi ULC007 OX=1920490 GN=C7B65_12485 PE=3 SV=1",1920490,6,2,NA,NA,NA
"178","tr|A0A2T1DFJ0|A0A2T1DFJ0_9CYAN",4,1945,"Uncharacterized protein OS=Phormidesmis priestleyi ULC007 OX=1920490 GN=C7B65_11645 PE=4 SV=1",1920490,3,NA,NA,NA,NA
"179","tr|A0A2T1DFN1|A0A2T1DFN1_9CYAN",5,1517,"Chaperone protein ClpB OS=Phormidesmis priestleyi ULC007 OX=1920490 GN=clpB PE=3 SV=1",1920490,3,4,NA,7,2
"180","tr|A0A2T1DFV2|A0A2T1DFV2_9CYAN",7,997,"DNA starvation/stationary phase protection protein OS=Phormidesmis priestleyi ULC007 OX=1920490 GN=C7B65_12295 PE=3 SV=1",1920490,2,NA,NA,NA,4
"181","tr|A0A2T1DFX5|A0A2T1DFX5_9CYAN",11,16,"SLH domain-containing protein OS=Phormidesmis priestleyi ULC007 OX=1920490 GN=C7B65_10825 PE=3 SV=1",1920490,8,13,8,11,3
"182","tr|A0A2T1DG34|A0A2T1DG34_9CYAN",8,780,"ATP-dependent zinc metalloprotease FtsH OS=Phormidesmis priestleyi ULC007 OX=1920490 GN=ftsH PE=3 SV=1",1920490,6,3,4,2,2
"183","tr|A0A2T1DG40|A0A2T1DG40_9CYAN",6,1034,"Uncharacterized protein OS=Phormidesmis priestleyi ULC007 OX=1920490 GN=C7B65_10845 PE=4 SV=1",1920490,NA,5,NA,NA,NA
"184","tr|A0A2T1DG55|A0A2T1DG55_9CYAN",6,1192,"50S ribosomal protein L1 OS=Phormidesmis priestleyi ULC007 OX=1920490 GN=rplA PE=3 SV=1",1920490,NA,2,NA,NA,NA
"185","tr|A0A2T1DG79|A0A2T1DG79_9CYAN",9,51,"10 kDa chaperonin OS=Phormidesmis priestleyi ULC007 OX=1920490 GN=groS PE=3 SV=1",1920490,6,11,NA,5,6
"186","tr|A0A2T1DGA4|A0A2T1DGA4_9CYAN",10,5,"60 kDa chaperonin OS=Phormidesmis priestleyi ULC007 OX=1920490 GN=groL PE=3 SV=1",1920490,76,69,18,31,23
"187","tr|A0A2T1DGA8|A0A2T1DGA8_9CYAN",11,6,"Fasciclin domain-containing protein OS=Phormidesmis priestleyi ULC007 OX=1920490 GN=C7B65_11485 PE=4 SV=1",1920490,38,39,10,9,10
"188","tr|A0A2T1DGE7|A0A2T1DGE7_9CYAN",3,1926,"GMP synthase [glutamine-hydrolyzing] OS=Phormidesmis priestleyi ULC007 OX=1920490 GN=guaA PE=3 SV=1",1920490,4,3,NA,NA,NA
"189","tr|A0A2T1DGP8|A0A2T1DGP8_9CYAN",7,462,"RNA-binding protein OS=Phormidesmis priestleyi ULC007 OX=1920490 GN=C7B65_10195 PE=4 SV=1",1920490,5,8,NA,NA,NA
"190","tr|A0A2T1DGZ9|A0A2T1DGZ9_9CYAN",5,843,"Glyceraldehyde-3-phosphate dehydrogenase OS=Phormidesmis priestleyi ULC007 OX=1920490 GN=gap PE=3 SV=1",1920490,9,6,NA,NA,NA
"191","tr|A0A2T1DHC9|A0A2T1DHC9_9CYAN",7,751,"Nucleoside diphosphate kinase OS=Phormidesmis priestleyi ULC007 OX=1920490 GN=ndk PE=3 SV=1",1920490,6,2,NA,NA,NA
"192","tr|A0A2T1DHF5|A0A2T1DHF5_9CYAN",4,1679,"Universal stress protein OS=Phormidesmis priestleyi ULC007 OX=1920490 GN=C7B65_09550 PE=3 SV=1",1920490,2,NA,NA,NA,NA
"193","tr|A0A2T1DHK3|A0A2T1DHK3_9CYAN",7,879,"Red carotenoid-binding protein OS=Phormidesmis priestleyi ULC007 OX=1920490 GN=C7B65_09880 PE=3 SV=1",1920490,7,7,NA,3,2
"194","tr|A0A2T1DHN2|A0A2T1DHN2_9CYAN",2,2783,"AbrB family transcriptional regulator OS=filamentous cyanobacterium Phorm 46 OX=2107705 GN=C7B69_16405 PE=4 SV=1",2107705,5,NA,2,NA,NA
"195","tr|A0A2T1DHY8|A0A2T1DHY8_9CYAN",6,1500,"Uncharacterized protein OS=Phormidesmis priestleyi ULC007 OX=1920490 GN=C7B65_08525 PE=4 SV=1",1920490,NA,2,NA,NA,NA
"196","tr|A0A2T1DJD4|A0A2T1DJD4_9CYAN",10,134,"60 kDa chaperonin OS=Phormidesmis priestleyi ULC007 OX=1920490 GN=groL PE=3 SV=1",1920490,22,22,4,3,2
"197","tr|A0A2T1DJS0|A0A2T1DJS0_9CYAN",7,517,"Uncharacterized protein OS=Phormidesmis priestleyi ULC007 OX=1920490 GN=C7B65_06645 PE=4 SV=1",1920490,2,NA,NA,NA,10
"198","tr|A0A2T1DK33|A0A2T1DK33_9CYAN",4,1654,"D-3-phosphoglycerate dehydrogenase OS=Phormidesmis priestleyi ULC007 OX=1920490 GN=C7B65_05230 PE=3 SV=1",1920490,3,2,NA,NA,NA
"199","tr|A0A2T1DKF9|A0A2T1DKF9_9CYAN",7,408,"Polyribonucleotide nucleotidyltransferase OS=Phormidesmis priestleyi ULC007 OX=1920490 GN=pnp PE=3 SV=1",1920490,12,9,NA,NA,NA
"200","tr|A0A2T1DKH7|A0A2T1DKH7_9CYAN",2,2491,"Molybdopterin-synthase adenylyltransferase MoeB OS=Phormidesmis priestleyi ULC007 OX=1920490 GN=C7B65_05880 PE=4 SV=1",1920490,2,NA,NA,NA,NA
"201","tr|A0A2T1DKV5|A0A2T1DKV5_9CYAN",10,3,"Phycocyanin subunit alpha OS=Phormidesmis priestleyi ULC007 OX=1920490 GN=cpcA PE=3 SV=1",1920490,53,39,NA,16,9
"202","tr|A0A2T1DKV9|A0A2T1DKV9_9CYAN",11,18,"Phycocyanin subunit beta OS=Phormidesmis priestleyi ULC007 OX=1920490 GN=C7B65_04085 PE=3 SV=1",1920490,48,25,5,15,39
"203","tr|A0A2T1DL13|A0A2T1DL13_9CYAN",10,116,"SLH domain-containing protein OS=Phormidesmis priestleyi ULC007 OX=1920490 GN=C7B65_04375 PE=3 SV=1",1920490,3,12,4,3,NA
"204","tr|A0A2T1DL37|A0A2T1DL37_9CYAN",5,1207,"Glutamine synthetase OS=Phormidesmis priestleyi ULC007 OX=1920490 GN=glnA PE=3 SV=1",1920490,3,4,NA,NA,NA
"205","tr|A0A2T1DL99|A0A2T1DL99_9CYAN",6,1354,"Allophycocyanin subunit beta OS=Phormidesmis priestleyi ULC007 OX=1920490 GN=apcB PE=3 SV=1",1920490,4,3,NA,NA,NA
"206","tr|A0A2T1DLU9|A0A2T1DLU9_9CYAN",8,410,"Photosystem I 16 kDa polypeptide OS=Phormidesmis priestleyi ULC007 OX=1920490 GN=C7B65_02270 PE=3 SV=1",1920490,9,8,NA,6,NA
"207","tr|A0A2T1DLV5|A0A2T1DLV5_9CYAN",6,766,"50S ribosomal protein L5 OS=Phormidesmis priestleyi ULC007 OX=1920490 GN=rplE PE=3 SV=1",1920490,NA,NA,2,NA,NA
"208","tr|A0A2T1DLX1|A0A2T1DLX1_9CYAN",7,757,"30S ribosomal protein S5 OS=Phormidesmis priestleyi ULC007 OX=1920490 GN=rpsE PE=3 SV=1",1920490,6,3,NA,NA,NA
"209","tr|A0A2T1DLX5|A0A2T1DLX5_9CYAN",4,2059,"Translation initiation factor IF-1 OS=Phormidesmis priestleyi ULC007 OX=1920490 GN=infA PE=3 SV=1",1920490,2,NA,NA,NA,NA
"210","tr|A0A2T1DLY2|A0A2T1DLY2_9CYAN",4,1776,"50S ribosomal protein L15 OS=Phormidesmis priestleyi ULC007 OX=1920490 GN=rplO PE=3 SV=1",1920490,2,NA,NA,NA,NA
"211","tr|A0A2T1DLZ3|A0A2T1DLZ3_9CYAN",7,1225,"50S ribosomal protein L2 OS=Phormidesmis priestleyi ULC007 OX=1920490 GN=rplB PE=3 SV=1",1920490,2,2,NA,NA,NA
"212","tr|A0A2T1DM89|A0A2T1DM89_9CYAN",10,179,"SLH domain-containing protein OS=Phormidesmis priestleyi ULC007 OX=1920490 GN=C7B65_02800 PE=3 SV=1",1920490,21,16,2,4,21
"213","tr|A0A2T1DMD6|A0A2T1DMD6_9CYAN",4,1594,"30S ribosomal protein S18 OS=Phormidesmis priestleyi ULC007 OX=1920490 GN=rpsR PE=3 SV=1",1920490,NA,2,NA,NA,NA
"214","tr|A0A2T1DMM9|A0A2T1DMM9_9CYAN",4,1861,"Photosystem I reaction center subunit XI OS=Phormidesmis priestleyi ULC007 OX=1920490 GN=psaL PE=3 SV=1",1920490,NA,2,NA,NA,NA
"215","tr|A0A2T1DMN4|A0A2T1DMN4_9CYAN",8,335,"ATP synthase subunit alpha OS=Phormidesmis priestleyi ULC007 OX=1920490 GN=atpA PE=3 SV=1",1920490,15,9,NA,NA,3
"216","tr|A0A2T1DNF6|A0A2T1DNF6_9CYAN",2,2100,"ATP-dependent zinc metalloprotease FtsH OS=Phormidesmis priestleyi ULC007 OX=1920490 GN=ftsH PE=3 SV=1",1920490,6,NA,NA,NA,NA
"217","tr|A0A2T1DNN0|A0A2T1DNN0_9CYAN",10,122,"ATP synthase subunit beta OS=Phormidesmis priestleyi ULC007 OX=1920490 GN=atpD PE=3 SV=1",1920490,39,36,11,18,4
"218","tr|A0A2T1DP56|A0A2T1DP56_9CYAN",6,903,"30S ribosomal protein S7 OS=Phormidesmis priestleyi ULC007 OX=1920490 GN=rpsG PE=3 SV=1",1920490,5,NA,9,NA,NA
"219","tr|A0A2T1DR73|A0A2T1DR73_9CYAN",3,2032,"50S ribosomal subunit assembly factor BipA OS=filamentous cyanobacterium Phorm 46 OX=2107705 GN=typA PE=3 SV=1",2107705,5,2,7,NA,NA
"220","tr|A0A2T1DSJ7|A0A2T1DSJ7_9CYAN",2,958,"Fasciclin OS=Stenomitos frigidus ULC18 OX=2107698 GN=C7B82_31090 PE=4 SV=1",2107698,14,15,NA,NA,NA
"221","tr|A0A2T1DTX6|A0A2T1DTX6_9CYAN",9,162,"ATP synthase subunit beta OS=filamentous cyanobacterium Phorm 46 OX=2107705 GN=atpD PE=3 SV=1",2107705,54,31,39,16,4
"222","tr|A0A2T1DYR8|A0A2T1DYR8_9CYAN",2,2477,"Carbon dioxide concentrating mechanism protein CcmM OS=filamentous cyanobacterium Phorm 46 OX=2107705 GN=C7B69_12345 PE=3 SV=1",2107705,6,NA,3,NA,NA
"223","tr|A0A2T1DYZ8|A0A2T1DYZ8_9CYAN",4,505,"Carbon dioxide-concentrating mechanism protein CcmK OS=filamentous cyanobacterium Phorm 46 OX=2107705 GN=C7B69_12330 PE=3 SV=1",2107705,21,13,20,NA,NA
"224","tr|A0A2T1E003|A0A2T1E003_9CYAN",4,966,"Bleomycin hydrolase OS=filamentous cyanobacterium Phorm 46 OX=2107705 GN=C7B69_12025 PE=3 SV=1",2107705,6,2,24,2,NA
"225","tr|A0A2T1E007|A0A2T1E007_9CYAN",4,549,"Bleomycin hydrolase OS=filamentous cyanobacterium Phorm 46 OX=2107705 GN=C7B69_12020 PE=3 SV=1",2107705,24,8,23,2,NA
"226","tr|A0A2T1E0P4|A0A2T1E0P4_9CYAN",9,369,"S-layer protein OS=Stenomitos frigidus ULC18 OX=2107698 GN=C7B82_20145 PE=3 SV=1",2107698,15,10,2,6,NA
"227","tr|A0A2T1E4K7|A0A2T1E4K7_9CYAN",9,405,"Porin OS=filamentous cyanobacterium Phorm 46 OX=2107705 GN=C7B69_10520 PE=3 SV=1",2107705,10,4,11,2,NA
"228","tr|A0A2T1E7R4|A0A2T1E7R4_9CYAN",9,244,"Porin OS=filamentous cyanobacterium Phorm 46 OX=2107705 GN=C7B69_09895 PE=3 SV=1",2107705,14,8,52,2,NA
"229","tr|A0A2T1EA98|A0A2T1EA98_9CHRO",2,1850,"Phycocyanin subunit beta OS=Chlorogloea sp. CCALA 695 OX=2107693 GN=C7B70_17840 PE=3 SV=1",2107693,13,3,NA,NA,NA
"230","tr|A0A2T1EEF5|A0A2T1EEF5_9CHRO",2,3048,"LysR family transcriptional regulator OS=Chlorogloea sp. CCALA 695 OX=2107693 GN=C7B70_14485 PE=3 SV=1",2107693,2,2,NA,NA,NA
"231","tr|A0A2T1EH77|A0A2T1EH77_9CHRO",2,2756,"Global nitrogen regulator NtcA OS=Chlorogloea sp. CCALA 695 OX=2107693 GN=ntcA PE=4 SV=1",2107693,4,NA,NA,NA,NA
"232","tr|A0A2T1ELH2|A0A2T1ELH2_9CYAN",2,2966,"Rhodanese-like domain-containing protein OS=filamentous cyanobacterium Phorm 46 OX=2107705 GN=C7B69_06480 PE=4 SV=1",2107705,2,2,NA,NA,NA
"233","tr|A0A2T1EMH6|A0A2T1EMH6_9CYAN",4,1063,"Bicarbonate-binding protein OS=filamentous cyanobacterium Phorm 46 OX=2107705 GN=C7B69_06370 PE=3 SV=1",2107705,14,NA,9,NA,NA
"234","tr|A0A2T1EP47|A0A2T1EP47_9CYAN",3,2574,"NTP_transf_9 domain-containing protein OS=Stenomitos frigidus ULC18 OX=2107698 GN=C7B82_02990 PE=4 SV=1",2107698,3,NA,NA,NA,NA
"235","tr|A0A2T1EPB5|A0A2T1EPB5_9CHRO",2,2577,"Allophycocyanin OS=Chlorogloea sp. CCALA 695 OX=2107693 GN=C7B70_03620 PE=3 SV=1",2107693,4,4,NA,NA,NA
"236","tr|A0A2T1EV35|A0A2T1EV35_9CYAN",2,2385,"DNA-directed RNA polymerase subunit alpha OS=filamentous cyanobacterium Phorm 46 OX=2107705 GN=rpoA PE=3 SV=1",2107705,6,NA,NA,NA,NA
"237","tr|A0A2T1EV68|A0A2T1EV68_9CYAN",4,2059,"Translation initiation factor IF-1 OS=filamentous cyanobacterium Phorm 46 OX=2107705 GN=infA PE=3 SV=1",2107705,2,NA,NA,NA,NA
"238","tr|A0A2T1EVB5|A0A2T1EVB5_9CYAN",4,1280,"30S ribosomal protein S9 OS=filamentous cyanobacterium Phorm 46 OX=2107705 GN=rpsI PE=3 SV=1",2107705,6,3,13,NA,NA
"239","tr|A0A2T1EVW3|A0A2T1EVW3_9CYAN",2,932,"Phycobilisome rod-core linker polypeptide CpcG OS=filamentous cyanobacterium Phorm 46 OX=2107705 GN=C7B69_04120 PE=3 SV=1",2107705,11,NA,24,NA,NA
"240","tr|A0A2T1F3L8|A0A2T1F3L8_9CYAN",2,1193,"Photosystem reaction center subunit H OS=filamentous cyanobacterium Phorm 46 OX=2107705 GN=C7B69_02235 PE=4 SV=1",2107705,23,NA,5,NA,NA
"241","tr|A0A2T1F423|A0A2T1F423_9CYAN",3,539,"Red carotenoid-binding protein OS=filamentous cyanobacterium Phorm 46 OX=2107705 GN=C7B69_01700 PE=3 SV=1",2107705,13,6,38,NA,NA
"242","tr|A0A2T1F9Z9|A0A2T1F9Z9_9CYAN",3,2032,"50S ribosomal subunit assembly factor BipA OS=filamentous cyanobacterium Phorm 6 OX=2107706 GN=typA PE=3 SV=1",2107706,5,2,7,NA,NA
"243","tr|A0A2T1FAP2|A0A2T1FAP2_9CYAN",4,1280,"30S ribosomal protein S9 OS=filamentous cyanobacterium Phorm 6 OX=2107706 GN=rpsI PE=3 SV=1",2107706,6,3,13,NA,NA
"244","tr|A0A2T1FAW3|A0A2T1FAW3_9CYAN",2,2528,"Uncharacterized protein OS=filamentous cyanobacterium Phorm 6 OX=2107706 GN=C7B67_25760 PE=4 SV=1",2107706,7,NA,2,NA,NA
"245","tr|A0A2T1FCA5|A0A2T1FCA5_9CYAN",2,2966,"Rhodanese-like domain-containing protein OS=filamentous cyanobacterium Phorm 6 OX=2107706 GN=C7B67_25045 PE=4 SV=1",2107706,2,2,NA,NA,NA
"246","tr|A0A2T1FDS3|A0A2T1FDS3_9CHRO",3,338,"Phycocyanin subunit beta OS=Cyanosarcina cf. burmensis CCALA 770 OX=2107697 GN=C7B80_25265 PE=3 SV=1",2107697,46,37,NA,13,NA
"247","tr|A0A2T1FEK3|A0A2T1FEK3_9CYAN",9,405,"Porin OS=filamentous cyanobacterium Phorm 6 OX=2107706 GN=C7B67_23900 PE=3 SV=1",2107706,10,4,11,2,NA
"248","tr|A0A2T1FGF6|A0A2T1FGF6_9CYAN",2,2111,"50S ribosomal protein L15 OS=filamentous cyanobacterium Phorm 6 OX=2107706 GN=rplO PE=3 SV=1",2107706,10,NA,3,NA,NA
"249","tr|A0A2T1FIY8|A0A2T1FIY8_9CYAN",5,694,"Polyribonucleotide nucleotidyltransferase OS=filamentous cyanobacterium Phorm 6 OX=2107706 GN=pnp PE=3 SV=1",2107706,14,12,15,NA,NA
"250","tr|A0A2T1FK22|A0A2T1FK22_9CYAN",3,2132,"50S ribosomal protein L4 OS=filamentous cyanobacterium Phorm 6 OX=2107706 GN=rplD PE=3 SV=1",2107706,7,NA,3,NA,NA
"251","tr|A0A2T1FNZ0|A0A2T1FNZ0_9CYAN",9,244,"Porin OS=filamentous cyanobacterium Phorm 6 OX=2107706 GN=C7B67_19935 PE=3 SV=1",2107706,14,8,52,2,NA
"252","tr|A0A2T1FPT4|A0A2T1FPT4_9CYAN",2,2277,"Histidine kinase OS=filamentous cyanobacterium Phorm 6 OX=2107706 GN=C7B67_19620 PE=4 SV=1",2107706,5,NA,6,NA,NA
"253","tr|A0A2T1FQI5|A0A2T1FQI5_9CYAN",4,1515,"DNA-directed RNA polymerase subunit beta' OS=filamentous cyanobacterium Phorm 6 OX=2107706 GN=rpoC2 PE=3 SV=1",2107706,7,5,NA,NA,NA
"254","tr|A0A2T1FQR3|A0A2T1FQR3_9CYAN",4,1845,"Carbohydrate porin (Fragment) OS=Chamaesiphon polymorphus CCALA 037 OX=2107692 GN=C7B77_24390 PE=3 SV=1",2107692,5,5,NA,2,3
"255","tr|A0A2T1FWQ2|A0A2T1FWQ2_9CYAN",2,2228,"Uncharacterized protein OS=filamentous cyanobacterium Phorm 6 OX=2107706 GN=C7B67_16880 PE=4 SV=1",2107706,3,NA,8,NA,NA
"256","tr|A0A2T1FYF9|A0A2T1FYF9_9CYAN",4,966,"Bleomycin hydrolase OS=filamentous cyanobacterium Phorm 6 OX=2107706 GN=C7B67_15900 PE=3 SV=1",2107706,6,2,24,2,NA
"257","tr|A0A2T1FYG1|A0A2T1FYG1_9CYAN",4,549,"Bleomycin hydrolase OS=filamentous cyanobacterium Phorm 6 OX=2107706 GN=C7B67_15895 PE=3 SV=1",2107706,24,8,23,2,NA
"258","tr|A0A2T1FYM6|A0A2T1FYM6_9CYAN",2,2352,"SpoVT-AbrB domain-containing protein OS=Chamaesiphon polymorphus CCALA 037 OX=2107692 GN=C7B77_23165 PE=4 SV=1",2107692,2,NA,NA,NA,8
"259","tr|A0A2T1G0C5|A0A2T1G0C5_9CYAN",9,162,"ATP synthase subunit beta OS=filamentous cyanobacterium Phorm 6 OX=2107706 GN=atpD PE=3 SV=1",2107706,54,31,39,16,4
"260","tr|A0A2T1G242|A0A2T1G242_9CYAN",3,539,"Red carotenoid-binding protein OS=filamentous cyanobacterium Phorm 6 OX=2107706 GN=C7B67_11400 PE=3 SV=1",2107706,13,6,38,NA,NA
"261","tr|A0A2T1G2X4|A0A2T1G2X4_9CYAN",2,2172,"Type 1 glutamine amidotransferase OS=filamentous cyanobacterium Phorm 6 OX=2107706 GN=C7B67_10265 PE=3 SV=1",2107706,3,NA,9,NA,NA
"262","tr|A0A2T1G3I9|A0A2T1G3I9_9CYAN",2,2429,"Phospholipid-binding protein OS=filamentous cyanobacterium Phorm 6 OX=2107706 GN=C7B67_09470 PE=4 SV=1",2107706,5,NA,5,NA,NA
"263","tr|A0A2T1G5A3|A0A2T1G5A3_9CYAN",4,505,"Carbon dioxide-concentrating mechanism protein CcmK OS=filamentous cyanobacterium Phorm 6 OX=2107706 GN=C7B67_07055 PE=3 SV=1",2107706,21,13,20,NA,NA
"264","tr|A0A2T1G5I5|A0A2T1G5I5_9CYAN",2,2477,"Carbon dioxide concentrating mechanism protein CcmM OS=filamentous cyanobacterium Phorm 6 OX=2107706 GN=C7B67_07070 PE=3 SV=1",2107706,6,NA,3,NA,NA
"265","tr|A0A2T1G5U9|A0A2T1G5U9_9CYAN",2,932,"Phycobilisome rod-core linker polypeptide CpcG OS=filamentous cyanobacterium Phorm 6 OX=2107706 GN=C7B67_06770 PE=3 SV=1",2107706,11,NA,24,NA,NA
"266","tr|A0A2T1G6L0|A0A2T1G6L0_9CYAN",2,2783,"AbrB family transcriptional regulator OS=filamentous cyanobacterium Phorm 6 OX=2107706 GN=C7B67_05295 PE=4 SV=1",2107706,5,NA,2,NA,NA
"267","tr|A0A2T1G6W1|A0A2T1G6W1_9CYAN",4,1063,"Bicarbonate-binding protein OS=filamentous cyanobacterium Phorm 6 OX=2107706 GN=C7B67_04975 PE=3 SV=1",2107706,14,NA,9,NA,NA
"268","tr|A0A2T1G742|A0A2T1G742_9CYAN",2,2270,"Uncharacterized protein OS=filamentous cyanobacterium Phorm 6 OX=2107706 GN=C7B67_04515 PE=4 SV=1",2107706,6,NA,5,NA,NA
"269","tr|A0A2T1G998|A0A2T1G998_9CYAN",2,1193,"Photosystem reaction center subunit H OS=filamentous cyanobacterium Phorm 6 OX=2107706 GN=C7B67_01350 PE=4 SV=1",2107706,23,NA,5,NA,NA
"270","tr|A0A2T1GA01|A0A2T1GA01_9CYAN",4,1996,"Uncharacterized protein OS=Chamaesiphon polymorphus CCALA 037 OX=2107692 GN=C7B77_19060 PE=3 SV=1",2107692,2,6,NA,2,3
"271","tr|A0A2T1GDY1|A0A2T1GDY1_9CYAN",10,43,"60 kDa chaperonin OS=Chamaesiphon polymorphus CCALA 037 OX=2107692 GN=groL PE=3 SV=1",2107692,62,51,16,25,23
"272","tr|A0A2T1GG36|A0A2T1GG36_9CYAN",3,2398,"AbrB family transcriptional regulator OS=Chamaesiphon polymorphus CCALA 037 OX=2107692 GN=C7B77_11470 PE=4 SV=1",2107692,3,4,NA,2,NA
"273","tr|A0A2T1GHK6|A0A2T1GHK6_9CYAN",2,2452,"Thioredoxin OS=Chamaesiphon polymorphus CCALA 037 OX=2107692 GN=trxA PE=3 SV=1",2107692,2,7,NA,NA,NA
"274","tr|A0A2T1GIM2|A0A2T1GIM2_9CYAN",5,191,"Allophycocyanin subunit beta OS=Chamaesiphon polymorphus CCALA 037 OX=2107692 GN=apcB PE=3 SV=1",2107692,59,45,6,15,24
"275","tr|A0A2T2WBT5|A0A2T2WBT5_9CYAN",5,1744,"30S ribosomal protein S19 OS=filamentous cyanobacterium CCP3 OX=2107704 GN=rpsS PE=3 SV=1",2107704,2,3,NA,NA,NA
"276","tr|A0A2T3XNR5|A0A2T3XNR5_9BURK",3,1977,"DNA-directed RNA polymerase subunit beta' OS=Trinickia symbiotica OX=863227 GN=rpoC PE=3 SV=1",863227,3,6,NA,NA,NA
"277","tr|A0A2V1HPZ0|A0A2V1HPZ0_9MICO",5,1786,"30S ribosomal protein S1 OS=Amnibacterium flavum OX=2173173 GN=DDQ50_11790 PE=4 SV=1",2173173,2,3,7,NA,NA
"278","tr|A0A2W4WF12|A0A2W4WF12_9CYAN",3,1249,"DNA-directed RNA polymerase subunit gamma OS=Shackletoniella antarctica OX=268115 GN=rpoC1 PE=3 SV=1",268115,10,8,NA,NA,NA
"279","tr|A0A2W4WJ29|A0A2W4WJ29_9CYAN",4,2059,"Translation initiation factor IF-1 OS=Shackletoniella antarctica OX=268115 GN=infA PE=3 SV=1",268115,2,NA,NA,NA,NA
"280","tr|A0A2W4XH96|A0A2W4XH96_9CYAN",7,353,"Fasciclin OS=Shackletoniella antarctica OX=268115 GN=DCF17_19075 PE=4 SV=1",268115,33,20,18,10,2
"281","tr|A0A2W4XW24|A0A2W4XW24_9CYAN",6,1622,"Uncharacterized protein OS=Pseudanabaena frigida OX=945775 GN=DCF19_15390 PE=4 SV=1",945775,6,2,NA,NA,NA
"282","tr|A0A2W4YBT4|A0A2W4YBT4_9CYAN",5,1744,"30S ribosomal protein S19 OS=Shackletoniella antarctica OX=268115 GN=rpsS PE=3 SV=1",268115,2,3,NA,NA,NA
"283","tr|A0A2W6ZT46|A0A2W6ZT46_9CYAN",9,323,"ATP synthase subunit beta OS=Leptolyngbya sp. OX=47254 GN=atpD PE=3 SV=1",47254,39,23,9,5,4
"284","tr|A0A2W6ZYW2|A0A2W6ZYW2_9CYAN",4,1096,"SLH domain-containing protein OS=Leptolyngbya sp. OX=47254 GN=DCF22_20830 PE=3 SV=1",47254,14,3,8,NA,5
"285","tr|A0A2W7A1A5|A0A2W7A1A5_9CYAN",6,1006,"Chaperone protein DnaK OS=Leptolyngbya sp. OX=47254 GN=dnaK PE=2 SV=1",47254,8,6,NA,NA,NA
"286","tr|A0A2W7A3F2|A0A2W7A3F2_9CYAN",2,2361,"Photosystem I reaction center subunit XII OS=Leptolyngbya sp. OX=47254 GN=DCF22_18040 PE=3 SV=1",47254,8,2,NA,NA,NA
"287","tr|A0A2W7AB70|A0A2W7AB70_9CYAN",2,2210,"Uncharacterized protein OS=Leptolyngbya sp. OX=47254 GN=DCF22_14250 PE=4 SV=1",47254,7,3,NA,NA,NA
"288","tr|A0A2W7AHE0|A0A2W7AHE0_9CYAN",6,874,"Elongation factor Tu OS=Leptolyngbya sp. OX=47254 GN=tuf PE=3 SV=1",47254,8,7,NA,NA,9
"289","tr|A0A2W7AHJ1|A0A2W7AHJ1_9CYAN",6,426,"S-layer protein OS=Leptolyngbya sp. OX=47254 GN=DCF22_07865 PE=3 SV=1",47254,41,18,4,4,NA
"290","tr|A0A2W7ALH8|A0A2W7ALH8_9CYAN",7,692,"30S ribosomal protein S1 OS=Leptolyngbya sp. OX=47254 GN=DCF22_09250 PE=4 SV=1",47254,16,11,NA,7,NA
"291","tr|A0A2W7AMN4|A0A2W7AMN4_9CYAN",2,2217,"Uncharacterized protein OS=Leptolyngbya sp. OX=47254 GN=DCF22_05270 PE=4 SV=1",47254,10,2,NA,NA,NA
"292","tr|A0A2W7ANT1|A0A2W7ANT1_9CYAN",5,281,"Allophycocyanin subunit beta OS=Leptolyngbya sp. OX=47254 GN=apcB PE=3 SV=1",47254,55,30,13,4,13
"293","tr|A0A2W7ANV7|A0A2W7ANV7_9CYAN",10,4,"60 kDa chaperonin OS=Leptolyngbya sp. OX=47254 GN=groL PE=3 SV=1",47254,103,87,18,35,35
"294","tr|A0A2W7AQJ2|A0A2W7AQJ2_9CYAN",2,1289,"Uncharacterized protein OS=Leptolyngbya sp. OX=47254 GN=DCF22_02745 PE=4 SV=1",47254,17,7,NA,NA,NA
"295","tr|A0A2W7AQM0|A0A2W7AQM0_9CYAN",2,1960,"50S ribosomal protein L10 OS=Leptolyngbya sp. OX=47254 GN=rplJ PE=3 SV=1",47254,11,4,NA,NA,NA
"296","tr|A0A2W7AQM2|A0A2W7AQM2_9CYAN",2,1308,"Porin OS=Leptolyngbya sp. OX=47254 GN=DCF22_02900 PE=3 SV=1",47254,17,8,NA,NA,NA
"297","tr|A0A2W7AS05|A0A2W7AS05_9CYAN",7,353,"Fasciclin OS=Leptolyngbya sp. OX=47254 GN=DCF21_19380 PE=4 SV=1",47254,33,20,18,10,2
"298","tr|A0A2W7AT93|A0A2W7AT93_9CYAN",4,1085,"DNA-directed RNA polymerase subunit beta' OS=Leptolyngbya sp. OX=47254 GN=rpoC2 PE=3 SV=1",47254,15,6,NA,NA,NA
"299","tr|A0A2W7AUK6|A0A2W7AUK6_9CYAN",2,2737,"Uncharacterized protein OS=Leptolyngbya sp. OX=47254 GN=DCF22_00905 PE=4 SV=1",47254,5,2,NA,NA,NA
"300","tr|A0A2W7AZ37|A0A2W7AZ37_9CYAN",6,712,"60 kDa chaperonin OS=Leptolyngbya sp. OX=47254 GN=groL PE=3 SV=1",47254,12,16,NA,NA,NA
"301","tr|A0A2W7B013|A0A2W7B013_9CYAN",2,2506,"Transaldolase OS=Leptolyngbya sp. OX=47254 GN=tal PE=3 SV=1",47254,6,NA,NA,NA,2
"302","tr|A0A2W7B0C8|A0A2W7B0C8_9CYAN",3,1967,"Urea ABC transporter substrate-binding protein OS=Leptolyngbya sp. OX=47254 GN=urtA PE=4 SV=1",47254,5,2,NA,NA,NA
"303","tr|A0A2W7B6P4|A0A2W7B6P4_9CYAN",4,1177,"ATP synthase subunit alpha OS=Leptolyngbya sp. OX=47254 GN=atpA PE=3 SV=1",47254,13,7,NA,NA,NA
"304","tr|A0A2W7B737|A0A2W7B737_9CYAN",5,571,"Polyribonucleotide nucleotidyltransferase OS=Leptolyngbya sp. OX=47254 GN=pnp PE=3 SV=1",47254,18,11,NA,NA,NA
"305","tr|A0A2W7B830|A0A2W7B830_9CYAN",8,513,"10 kDa chaperonin OS=Leptolyngbya sp. OX=47254 GN=groS PE=3 SV=1",47254,21,19,5,2,6
"306","tr|A0A2W7B944|A0A2W7B944_9CYAN",2,2834,"BMP family ABC transporter substrate-binding protein OS=Leptolyngbya sp. OX=47254 GN=DCF22_01000 PE=3 SV=1",47254,4,2,NA,NA,NA
"307","tr|A0A2W7BB34|A0A2W7BB34_9CYAN",5,1612,"Peroxiredoxin OS=Leptolyngbya sp. OX=47254 GN=DCF22_05850 PE=3 SV=1",47254,8,4,NA,NA,NA
"308","tr|A0A2W7BFY6|A0A2W7BFY6_9CYAN",4,1512,"Phycobiliprotein ApcE OS=Leptolyngbya sp. OX=47254 GN=DCF22_03035 PE=3 SV=1",47254,7,4,NA,NA,NA
"309","tr|A0A2W7BHQ9|A0A2W7BHQ9_9CYAN",3,1447,"DNA-directed RNA polymerase subunit beta OS=Leptolyngbya sp. OX=47254 GN=rpoB PE=3 SV=1",47254,13,2,NA,NA,NA
"310","tr|A0A2W7C488|A0A2W7C488_9CYAN",2,1372,"DUF2267 domain-containing protein OS=Leptolyngbya sp. OX=47254 GN=DCF22_12360 PE=4 SV=1",47254,15,9,NA,NA,NA
"311","tr|A0A2Z6CEZ3|A0A2Z6CEZ3_PLAAG",4,2059,"Translation initiation factor IF-1 OS=Planktothrix agardhii NIES-204 OX=282423 GN=infA PE=3 SV=1",282423,2,NA,NA,NA,NA
"312","tr|A0A2Z6CKJ8|A0A2Z6CKJ8_PLAAG",2,3048,"LysR family transcriptional regulator OS=Planktothrix agardhii NIES-204 OX=282423 GN=NIES204_43010 PE=3 SV=1",282423,2,2,NA,NA,NA
"313","tr|A0A2Z6CXQ2|A0A2Z6CXQ2_9NOSO",3,560,"Phycoerythrocyanin beta chain OS=Nostoc sp. HK-01 OX=196308 GN=pecB PE=3 SV=1",196308,25,24,NA,6,NA
"314","tr|A0A328IGN0|A0A328IGN0_9CYAN",4,2059,"Translation initiation factor IF-1 OS=Hapalosiphonaceae cyanobacterium JJU2 OX=2109628 GN=infA PE=3 SV=1",2109628,2,NA,NA,NA,NA
"315","tr|A0A346QR77|A0A346QR77_PROCL",8,264,"Cytoplasmic actin 1 (Fragment) OS=Procambarus clarkii OX=6728 GN=Actb PE=2 SV=1",6728,30,42,NA,16,NA
"316","tr|A0A349JQJ6|A0A349JQJ6_9CYAN",3,798,"Phycocyanin subunit beta OS=Microcoleaceae bacterium UBA11344 OX=2055792 GN=DCS91_23155 PE=3 SV=1",2055792,13,10,18,NA,NA
"317","tr|A0A351LD54|A0A351LD54_9CYAN",2,1296,"Uncharacterized protein OS=Cyanobacteria bacterium UBA11371 OX=2055770 GN=DCZ55_30790 PE=4 SV=1",2055770,16,9,NA,NA,NA
"318","tr|A0A355DKW7|A0A355DKW7_9CYAN",2,2318,"NADPH-protochlorophyllide oxidoreductase OS=Cyanobacteria bacterium UBA11162 OX=2055781 GN=DD379_06120 PE=3 SV=1",2055781,3,7,NA,NA,NA
"319","tr|A0A357A6Y5|A0A357A6Y5_9CYAN",2,2464,"Carbon dioxide-concentrating protein CcmK OS=Cyanobacteria bacterium UBA11691 OX=2055778 GN=DD761_07525 PE=3 SV=1",2055778,2,6,NA,NA,NA
"320","tr|A0A367PYT2|A0A367PYT2_9NOSO",5,1329,"Nucleoside diphosphate kinase OS=Nostoc sp. ATCC 43529 OX=1840705 GN=ndk PE=3 SV=1",1840705,8,8,NA,NA,NA
"321","tr|A0A378ZX94|A0A378ZX94_9RHOB",3,1880,"D-ribose-binding periplasmic protein OS=Pannonibacter phragmitetus OX=121719 GN=rbsB_1 PE=4 SV=1",121719,2,10,4,NA,NA
"322","tr|A0A3C1LYK1|A0A3C1LYK1_9CYAN",2,2756,"Global nitrogen regulator NtcA OS=Cyanobacteria bacterium UBA8156 OX=2055767 GN=ntcA PE=4 SV=1",2055767,4,NA,NA,NA,NA
"323","tr|A0A3D2J724|A0A3D2J724_9CHLR",4,1951,"ATP synthase subunit alpha OS=Ktedonobacter sp. OX=1932716 GN=atpA PE=3 SV=1",1932716,3,3,NA,NA,NA
"324","tr|A0A3D4V824|A0A3D4V824_9BACT",2,2663,"60 kDa chaperonin OS=Gemmatimonas aurantiaca OX=173480 GN=groL PE=3 SV=1",173480,2,4,NA,NA,NA
"325","tr|A0A3D5G367|A0A3D5G367_9CYAN",3,2132,"50S ribosomal protein L4 OS=Microcoleaceae bacterium UBA9251 OX=2055794 GN=rplD PE=3 SV=1",2055794,7,NA,3,NA,NA
"326","tr|A0A3E0LGA9|A0A3E0LGA9_9CHRO",2,2756,"Global nitrogen regulator NtcA OS=Microcystis flos-aquae DF17 OX=2060470 GN=ntcA PE=4 SV=1",2060470,4,NA,NA,NA,NA
"327","tr|A0A3E0LPB7|A0A3E0LPB7_9CHRO",2,2117,"Phycocyanin subunit beta OS=Microcystis flos-aquae DF17 OX=2060470 GN=DWQ53_04015 PE=3 SV=1",2060470,7,5,NA,NA,NA
"328","tr|A0A3E0MAA9|A0A3E0MAA9_MICAE",2,2117,"Phycocyanin subunit beta OS=Microcystis aeruginosa DA14 OX=1987506 GN=DWQ56_13730 PE=3 SV=1",1987506,7,5,NA,NA,NA
"329","tr|A0A3E0MHP1|A0A3E0MHP1_MICAE",2,2756,"Global nitrogen regulator NtcA OS=Microcystis aeruginosa DA14 OX=1987506 GN=ntcA PE=4 SV=1",1987506,4,NA,NA,NA,NA
"330","tr|A0A3G4ZVK3|A0A3G4ZVK3_9VIRU",7,726,"Polyubiquitin OS=Edafosvirus sp. OX=2487765 GN=Edafosvirus51_4 PE=4 SV=1",2487765,3,2,NA,NA,NA
"331","tr|A0A3G6X037|A0A3G6X037_SYNEL",2,3048,"LysR family transcriptional regulator OS=Synechococcus elongatus PCC 11801 OX=2219813 GN=DOP62_07420 PE=3 SV=1",2219813,2,2,NA,NA,NA
"332","tr|A0A3G9JAV5|A0A3G9JAV5_MICVR",2,2117,"Phycocyanin beta subunit OS=Microcystis viridis NIES-102 OX=213615 GN=cpcB1 PE=3 SV=1",213615,7,5,NA,NA,NA
"333","tr|A0A3G9JSM5|A0A3G9JSM5_MICVR",2,2756,"Global nitrogen regulator Ycf28 OS=Microcystis viridis NIES-102 OX=213615 GN=ntcA PE=4 SV=1",213615,4,NA,NA,NA,NA
"334","tr|A0A3M1P5L7|A0A3M1P5L7_9CYAN",3,2018,"DUF1257 domain-containing protein OS=Cyanobacteria bacterium J069 OX=2420337 GN=D6742_18635 PE=4 SV=1",2420337,2,NA,NA,NA,NA
"335","tr|A0A3M1P9Q4|A0A3M1P9Q4_9CYAN",9,268,"Allophycocyanin OS=Cyanobacteria bacterium J069 OX=2420337 GN=D6742_17510 PE=3 SV=1",2420337,5,4,4,NA,NA
"336","tr|A0A3M7PQY2|A0A3M7PQY2_BRAPC",2,1198,"Tubulin beta chain OS=Brachionus plicatilis OX=10195 GN=BpHYR1_002419 PE=3 SV=1",10195,14,13,NA,NA,NA
"337","tr|A0A3M9Z9B4|A0A3M9Z9B4_9CYAN",5,1744,"30S ribosomal protein S19 OS=Leptolyngbya sp. IPPAS B-1204 OX=2483801 GN=rpsS PE=3 SV=1",2483801,2,3,NA,NA,NA
"338","tr|A0A3M9ZAE5|A0A3M9ZAE5_9CYAN",7,882,"Fructose-1 6-bisphosphate aldolase OS=Leptolyngbya sp. IPPAS B-1204 OX=2483801 GN=fba PE=3 SV=1",2483801,6,5,NA,NA,NA
"339","tr|A0A3M9ZEI8|A0A3M9ZEI8_9CYAN",3,2018,"DUF1257 domain-containing protein OS=Leptolyngbya sp. IPPAS B-1204 OX=2483801 GN=EDM05_03035 PE=4 SV=1",2483801,2,NA,NA,NA,NA
"340","tr|A0A3M9ZEJ2|A0A3M9ZEJ2_9CYAN",2,3012,"Organic solvent tolerance protein OstA OS=Leptolyngbya sp. IPPAS B-1204 OX=2483801 GN=EDM05_03785 PE=4 SV=1",2483801,2,3,NA,NA,NA
"341","tr|A0A3N0VP99|A0A3N0VP99_MICAE",2,2117,"Phycocyanin subunit beta OS=Microcystis aeruginosa FACHB-524 OX=2486203 GN=ED562_21370 PE=3 SV=1",2486203,7,5,NA,NA,NA
"342","tr|A0A3N7C2H0|A0A3N7C2H0_9BURK",3,1977,"DNA-directed RNA polymerase subunit beta' OS=Paucibacter sp. KBW04 OX=2153361 GN=rpoC PE=3 SV=1",2153361,3,6,NA,NA,NA
"343","tr|A0A3S0Y299|A0A3S0Y299_CHLFR",2,3048,"LysR family transcriptional regulator OS=Chlorogloeopsis fritschii PCC 6912 OX=211165 GN=ycf30 PE=3 SV=1",211165,2,2,NA,NA,NA
"344","tr|A0A402DEG4|A0A402DEG4_MICAE",2,2117,"C-phycocyanin beta chain OS=Microcystis aeruginosa NIES-4285 OX=2497681 GN=cpcB PE=3 SV=1",2497681,7,5,NA,NA,NA
"345","tr|A0A426TSN7|A0A426TSN7_9CHLR",3,894,"60 kDa chaperonin OS=Candidatus Viridilinea halotolerans OX=2491704 GN=groL PE=3 SV=1",2491704,11,15,NA,NA,NA
"346","tr|A0A433W0X6|A0A433W0X6_9CYAN",3,338,"C-phycocyanin beta chain OS=Chroococcidiopsis cubana SAG 39.79 OX=388085 GN=cpcB PE=3 SV=1",388085,46,37,NA,13,NA
"347","tr|A0A479ZU07|A0A479ZU07_9CYAN",4,2059,"Translation initiation factor IF-1 OS=Sphaerospermopsis reniformis OX=531300 GN=infA PE=3 SV=1",531300,2,NA,NA,NA,NA
"348","tr|A0A480A666|A0A480A666_9CYAN",3,1142,"Winged helix family two component transcriptional regulator OS=Sphaerospermopsis reniformis OX=531300 GN=SR1949_44920 PE=4 SV=1",531300,8,12,NA,NA,NA
"349","tr|A0A480A6S8|A0A480A6S8_9CYAN",4,1101,"Microcompartments protein OS=Dolichospermum planctonicum OX=136072 GN=NIES80_04340 PE=3 SV=1",136072,9,10,NA,NA,NA
"350","tr|A0A4D9CHG1|A0A4D9CHG1_MASLA",4,2059,"Translation initiation factor IF-1 OS=Mastigocladus laminosus UU774 OX=1594576 GN=infA PE=3 SV=1",1594576,2,NA,NA,NA,NA
"351","tr|A0A4Q3IYK0|A0A4Q3IYK0_9DELT",6,520,"60 kDa chaperonin OS=Myxococcales bacterium OX=2026763 GN=groL PE=3 SV=1",2026763,2,3,NA,NA,NA
"352","tr|A0A4Q5QII1|A0A4Q5QII1_9PROT",8,563,"60 kDa chaperonin (Fragment) OS=Alphaproteobacteria bacterium OX=1913988 GN=groL PE=3 SV=1",1913988,2,NA,2,NA,5
"353","tr|A0A4R8VT96|A0A4R8VT96_9MICO",2,2305,"30S ribosomal protein S9 OS=Cryobacterium sp. MDB2-B OX=1259183 GN=rpsI PE=3 SV=1",1259183,NA,NA,3,NA,NA
"354","tr|A0A4R8YKV2|A0A4R8YKV2_9MICO",8,1380,"Glycerol kinase OS=Cryobacterium breve OX=1259258 GN=glpK PE=3 SV=1",1259258,3,2,4,NA,NA
"355","tr|A0A522BGJ9|A0A522BGJ9_9ACTN",5,1300,"Cold-shock protein OS=Frankiales bacterium OX=1909291 GN=EPN99_12420 PE=4 SV=1",1909291,3,7,9,3,3
"356","tr|A0A522BUZ4|A0A522BUZ4_9ACTN",2,2763,"Cold-shock protein OS=Frankiales bacterium OX=1909291 GN=EPN99_07700 PE=4 SV=1",1909291,2,NA,4,NA,NA
"357","tr|A0A522DFG8|A0A522DFG8_9MICO",7,1646,"Cold-shock protein OS=Salinibacterium sp. OX=1915057 GN=EPN91_12160 PE=4 SV=1",1915057,NA,NA,2,2,3
"358","tr|A0A551YHY0|A0A551YHY0_MICAE",2,2756,"Global nitrogen regulator NtcA OS=Microcystis aeruginosa Ma_QC_C_20070703_M131 OX=2486263 GN=ntcA PE=4 SV=1",2486263,4,NA,NA,NA,NA
"359","tr|A0A551YMF4|A0A551YMF4_MICAE",2,2117,"Phycocyanin subunit beta OS=Microcystis aeruginosa Ma_QC_C_20070703_M131 OX=2486263 GN=EWV85_01010 PE=3 SV=1",2486263,7,5,NA,NA,NA
"360","tr|A0A552CJC9|A0A552CJC9_9CHRO",2,2756,"Global nitrogen regulator NtcA OS=Microcystis sp. Msp_OC_L_20101000_S702 OX=2486218 GN=ntcA PE=4 SV=1",2486218,4,NA,NA,NA,NA
"361","tr|A0A552CR45|A0A552CR45_9CHRO",2,2117,"Phycocyanin subunit beta OS=Microcystis sp. Msp_OC_L_20101000_S702 OX=2486218 GN=EWV60_05910 PE=3 SV=1",2486218,7,5,NA,NA,NA
"362","tr|A0A552FIZ1|A0A552FIZ1_MICAE",2,2756,"Global nitrogen regulator NtcA OS=Microcystis aeruginosa Ma_QC_Ch_20071001_S25D OX=2486250 GN=ntcA PE=4 SV=1",2486250,4,NA,NA,NA,NA
"363","tr|A0A552G5B4|A0A552G5B4_MICAE",2,2117,"Phycocyanin subunit beta OS=Microcystis aeruginosa Ma_QC_Ch_20071001_S25D OX=2486250 GN=EWV57_02325 PE=3 SV=1",2486250,7,5,NA,NA,NA
"364","tr|A0A552GYL2|A0A552GYL2_MICAE",2,2117,"Phycocyanin subunit beta OS=Microcystis aeruginosa Ma_QC_C_20070823_S13 OX=2486246 GN=EWV48_06565 PE=3 SV=1",2486246,7,5,NA,NA,NA
"365","tr|A0A552KE03|A0A552KE03_9CHRO",2,2756,"Global nitrogen regulator NtcA OS=Microcystis flos-aquae Mf_QC_C_20070823_S10D OX=2486236 GN=ntcA PE=4 SV=1",2486236,4,NA,NA,NA,NA
"366","tr|A0A552L852|A0A552L852_9CHRO",2,2117,"Phycocyanin subunit beta OS=Microcystis flos-aquae Mf_WU_F_19750830_S460 OX=2486237 GN=EWV40_20300 PE=3 SV=1",2486237,7,5,NA,NA,NA
"367","tr|A0A552Q1A5|A0A552Q1A5_9CHRO",2,2117,"Phycocyanin subunit beta OS=Microcystis panniformis Mp_MB_F_20051200_S9 OX=2486223 GN=EWV53_09420 PE=3 SV=1",2486223,7,5,NA,NA,NA
"368","tr|A0A552QA31|A0A552QA31_9CHRO",2,2756,"Global nitrogen regulator NtcA OS=Microcystis panniformis Mp_MB_F_20051200_S9 OX=2486223 GN=ntcA PE=4 SV=1",2486223,4,NA,NA,NA,NA
"369","tr|A0A561P4W6|A0A561P4W6_XANCT",8,1239,"Putative surface protein with fasciclin (FAS1) repeats OS=Xanthomonas campestris pv. translucens OX=343 GN=FHW28_2795 PE=4 SV=1",343,2,2,NA,NA,NA
"370","tr|A0A563W446|A0A563W446_9CYAN",2,2756,"Global nitrogen regulator OS=Hyella patelloides LEGE 07179 OX=945734 GN=ntcA PE=4 SV=1",945734,4,NA,NA,NA,NA
"371","tr|A0A5A5RV57|A0A5A5RV57_MICAE",2,2117,"C-phycocyanin beta chain OS=Microcystis aeruginosa NIES-2520 OX=2303982 GN=cpcB PE=3 SV=1",2303982,7,5,NA,NA,NA
"372","tr|A0A5B8NLT6|A0A5B8NLT6_9CHRO",9,272,"60 kDa chaperonin OS=Euhalothece natronophila Z-M001 OX=522448 GN=groL PE=3 SV=1",522448,22,24,5,2,NA
"373","tr|A0A5C0DVG5|A0A5C0DVG5_9CYAN",4,1101,"BMC domain-containing protein OS=Dolichospermum sp. UHCC 0315A OX=1914871 GN=BMF77_03194 PE=3 SV=1",1914871,9,10,NA,NA,NA
"374","tr|A0A5C4N3F5|A0A5C4N3F5_9RHOB",2,2031,"Carbohydrate ABC transporter substrate-binding protein OS=Rubellimicrobium rubrum OX=2585369 GN=FHG66_03890 PE=4 SV=1",2585369,7,7,NA,NA,NA
"375","tr|A0A5C8UUW4|A0A5C8UUW4_9MICO",5,2034,"50S ribosomal protein L7/L12 OS=Lacisediminihabitans profunda OX=2594790 GN=rplL PE=3 SV=1",2594790,2,2,4,NA,NA
"376","tr|A0A5F0DPA8|A0A5F0DPA8_9MICO",2,2305,"30S ribosomal protein S9 OS=Cryobacterium sp. MDB2-33-2 OX=1259179 GN=rpsI PE=3 SV=1",1259179,NA,NA,3,NA,NA
"377","tr|A0A5J4F5S3|A0A5J4F5S3_MICAE",2,2756,"Global nitrogen regulator OS=Microcystis aeruginosa NIES-4325 OX=2569534 GN=ntcA_3 PE=4 SV=1",2569534,4,NA,NA,NA,NA
"378","tr|A0A5J5LSS3|A0A5J5LSS3_MICAE",2,2117,"Phycocyanin subunit beta OS=Microcystis aeruginosa EAWAG127a OX=2529855 GN=EZJ55_09340 PE=3 SV=1",2529855,7,5,NA,NA,NA
"379","tr|A0A5Q3HJG5|A0A5Q3HJG5_9BURK",4,2005,"Phasin family protein OS=Polaromonas sp. Pch-P OX=2082385 GN=F7R28_15960 PE=4 SV=1",2082385,NA,2,NA,NA,NA
"380","tr|A0A5Q4HBV4|A0A5Q4HBV4_9CYAN",5,585,"ATP synthase subunit beta OS=Arthrospira sp. PLM2.Bin9 OX=2599626 GN=atpD PE=3 SV=1",2599626,11,24,2,6,NA
"381","tr|A0A5R9J9Q4|A0A5R9J9Q4_9PROT",9,401,"60 kDa chaperonin OS=Lichenicoccus roseus OX=2683649 GN=groL PE=3 SV=1",2683649,2,NA,2,NA,5
"382","tr|A0A651DZH8|A0A651DZH8_9CYAN",4,1889,"Red carotenoid-binding protein OS=Leptolyngbya sp. DLM2.Bin15 OX=2480212 GN=EA367_19480 PE=4 SV=1",2480212,4,4,NA,6,NA
"383","tr|A0A6B3MM63|A0A6B3MM63_9CYAN",2,2520,"Glutathione S-transferase family protein OS=Moorea sp. SIO4A1 OX=2607835 GN=F6K53_02720 PE=3 SV=1",2607835,4,5,NA,NA,NA
"384","tr|A0A6B3NQ99|A0A6B3NQ99_9CYAN",2,2130,"Iron uptake porin OS=Symploca sp. SIO1C4 OX=2607765 GN=F6J89_28275 PE=3 SV=1",2607765,4,9,NA,NA,NA
"385","tr|A0A6H2BWE9|A0A6H2BWE9_DOLFA",4,2059,"Translation initiation factor IF-1 OS=Dolichospermum flos-aquae CCAP 1403/13F OX=315271 GN=infA PE=3 SV=1",315271,2,NA,NA,NA,NA
"386","tr|A0A6H2BX44|A0A6H2BX44_DOLFA",4,1101,"Carbon dioxide-concentrating mechanism protein CcmK OS=Dolichospermum flos-aquae CCAP 1403/13F OX=315271 GN=HGD76_08075 PE=3 SV=1",315271,9,10,NA,NA,NA
"387","tr|A0A6H2C3P2|A0A6H2C3P2_DOLFA",3,1142,"Response regulator transcription factor OS=Dolichospermum flos-aquae CCAP 1403/13F OX=315271 GN=HGD76_18310 PE=4 SV=1",315271,8,12,NA,NA,NA
"388","tr|A0A6H3JGG6|A0A6H3JGG6_9MICO",2,2305,"30S ribosomal protein S9 OS=Cryobacterium sp. MDB2-10 OX=1259177 GN=rpsI PE=3 SV=1",1259177,NA,NA,3,NA,NA
"389","tr|A0A6H9GA60|A0A6H9GA60_MICAE",2,2756,"Global nitrogen regulator Ycf28 OS=Microcystis aeruginosa NIES-3787 OX=2517782 GN=ntcA PE=4 SV=1",2517782,4,NA,NA,NA,NA
"390","tr|A0A6H9GLU2|A0A6H9GLU2_MICAE",2,2117,"Phycocyanin beta subunit OS=Microcystis aeruginosa NIES-3804 OX=2517783 GN=cpcB1 PE=3 SV=1",2517783,7,5,NA,NA,NA
"391","tr|A0A6H9GNE1|A0A6H9GNE1_MICAE",2,2756,"Global nitrogen regulator Ycf28 OS=Microcystis aeruginosa NIES-3804 OX=2517783 GN=ntcA PE=4 SV=1",2517783,4,NA,NA,NA,NA
"392","tr|A0A6H9H4H3|A0A6H9H4H3_MICAE",2,2756,"Global nitrogen regulator Ycf28 OS=Microcystis aeruginosa NIES-3806 OX=2517784 GN=ntcA PE=4 SV=1",2517784,4,NA,NA,NA,NA
"393","tr|A0A6H9HBX4|A0A6H9HBX4_MICAE",2,2117,"Phycocyanin beta subunit OS=Microcystis aeruginosa NIES-3806 OX=2517784 GN=cpcB1 PE=3 SV=1",2517784,7,5,NA,NA,NA
"394","tr|A0A6I3DDT0|A0A6I3DDT0_9ACTN",3,2150,"Fasciclin domain-containing protein OS=Actinobacteria bacterium OX=1883427 GN=F2634_00725 PE=4 SV=1",1883427,5,6,NA,2,NA
"395","tr|A0A6I5Q2W1|A0A6I5Q2W1_9CYAN",2,2623,"DNA starvation/stationary phase protection protein OS=Leptolyngbya sp. SIO3F4 OX=2607780 GN=F6K11_28130 PE=3 SV=1",2607780,4,4,NA,NA,NA
"396","tr|A0A6J4MDR0|A0A6J4MDR0_9CYAN",4,505,"Carbon dioxide-concentrating mechanism protein CcmK homolog 2 OS=uncultured Microcoleus sp. OX=259945 GN=AVDCRST_MAG84-3205 PE=3 SV=1",259945,21,13,20,NA,NA
"397","tr|A0A6J4MNP6|A0A6J4MNP6_9ACTN",2,2763,"Cold shock protein of CSP family OS=uncultured Frankineae bacterium OX=437475 GN=AVDCRST_MAG16-3254 PE=4 SV=1",437475,2,NA,4,NA,NA
"398","tr|A0A6J4PGN3|A0A6J4PGN3_9CYAN",3,2132,"50S ribosomal protein L4 OS=uncultured Microcoleus sp. OX=259945 GN=rplD PE=3 SV=1",259945,7,NA,3,NA,NA
"399","tr|A0A6J6KDS3|A0A6J6KDS3_9ZZZZ",3,2150,"Unannotated protein OS=freshwater metagenome OX=449393 GN=UFOPK2242_00145 PE=4 SV=1",449393,5,6,NA,2,NA
"400","tr|A0A6J7NMB7|A0A6J7NMB7_9ZZZZ",3,2150,"Unannotated protein OS=freshwater metagenome OX=449393 GN=UFOPK2925_00349 PE=4 SV=1",449393,5,6,NA,2,NA
"401","tr|A0A6M0B664|A0A6M0B664_9CYAN",2,2520,"Glutathione S-transferase family protein OS=Moorea sp. SIO3I6 OX=2607831 GN=F6K49_24880 PE=3 SV=1",2607831,4,5,NA,NA,NA
"402","tr|A0A6M0B6F9|A0A6M0B6F9_9CYAN",4,2059,"Translation initiation factor IF-1 OS=Moorea sp. SIO3I6 OX=2607831 GN=infA PE=3 SV=1",2607831,2,NA,NA,NA,NA
"403","tr|A0A6M0ESX9|A0A6M0ESX9_9CYAN",2,2130,"Iron uptake porin OS=Symploca sp. SIO2B6 OX=2607785 GN=F6K16_09380 PE=3 SV=1",2607785,4,9,NA,NA,NA
"404","tr|A0A6M0ETC3|A0A6M0ETC3_9CYAN",2,2056,"AbrB family transcriptional regulator OS=Symploca sp. SIO2B6 OX=2607785 GN=F6K16_13585 PE=4 SV=1",2607785,6,8,NA,NA,NA
"405","tr|A0A6M0FAA8|A0A6M0FAA8_9CYAN",4,2059,"Translation initiation factor IF-1 OS=Okeania sp. SIO1I7 OX=2607772 GN=infA PE=3 SV=1",2607772,2,NA,NA,NA,NA
"406","tr|A0A6M0FE14|A0A6M0FE14_9CYAN",2,2846,"6-phosphogluconate dehydrogenase  decarboxylating OS=Okeania sp. SIO1I7 OX=2607772 GN=gnd PE=3 SV=1",2607772,3,3,NA,NA,NA
"407","tr|A0A6M0IWA6|A0A6M0IWA6_9NOSO",4,2059,"Translation initiation factor IF-1 OS=Nostoc sp. UIC 10630 OX=2100146 GN=infA PE=3 SV=1",2100146,2,NA,NA,NA,NA
"408","tr|A0A6M4ISF6|A0A6M4ISF6_9BACT",2,2663,"60 kDa chaperonin OS=Gemmatimonas sp. TET16 OX=2732249 GN=groL PE=3 SV=1",2732249,2,4,NA,NA,NA
"409","tr|A0A6M8B2Y6|A0A6M8B2Y6_9CYAN",3,2018,"DUF1257 domain-containing protein OS=Thermoleptolyngbya sp. PKUAC-SCTA183 OX=2737172 GN=HPC62_04250 PE=4 SV=1",2737172,2,NA,NA,NA,NA
"410","tr|A0A6M8BB14|A0A6M8BB14_9CYAN",9,268,"Allophycocyanin OS=Thermoleptolyngbya sp. PKUAC-SCTA183 OX=2737172 GN=HPC62_02945 PE=3 SV=1",2737172,5,4,4,NA,NA
"411","tr|A0A6M8BDV1|A0A6M8BDV1_9CYAN",2,2048,"Ferrochelatase OS=Thermoleptolyngbya sp. PKUAC-SCTA183 OX=2737172 GN=HPC62_13280 PE=3 SV=1",2737172,10,4,NA,NA,NA
"412","tr|A0A6M8BNP3|A0A6M8BNP3_9CYAN",4,2059,"Translation initiation factor IF-1 OS=Thermoleptolyngbya sp. PKUAC-SCTA183 OX=2737172 GN=infA PE=3 SV=1",2737172,2,NA,NA,NA,NA
"413","tr|A0A6N8FSK3|A0A6N8FSK3_9CHRO",4,320,"Phycocyanin subunit beta OS=Gloeocapsopsis sp. AAB1 = 1H9 OX=1433147 GN=BWI75_06845 PE=3 SV=1",1433147,42,38,NA,4,19
"414","tr|A0A6N8FTJ0|A0A6N8FTJ0_9CHRO",2,460,"Phycocyanin subunit alpha OS=Gloeocapsopsis sp. AAB1 = 1H9 OX=1433147 GN=BWI75_06850 PE=3 SV=1",1433147,23,44,NA,NA,NA
"415","tr|A0A6N8FYJ1|A0A6N8FYJ1_9CHRO",5,1400,"ATP-dependent zinc metalloprotease FtsH OS=Gloeocapsopsis sp. AAB1 = 1H9 OX=1433147 GN=ftsH PE=3 SV=1",1433147,7,5,4,2,2
"416","tr|A0A6P0IDV7|A0A6P0IDV7_9CYAN",4,2059,"Translation initiation factor IF-1 OS=Moorea sp. SIO3I7 OX=2607832 GN=infA PE=3 SV=1",2607832,2,NA,NA,NA,NA
"417","tr|A0A6P0J6H8|A0A6P0J6H8_9CYAN",2,2520,"Glutathione S-transferase family protein OS=Moorea sp. SIO4A5 OX=2607838 GN=F6K57_06420 PE=3 SV=1",2607838,4,5,NA,NA,NA
"418","tr|A0A6P0K6B7|A0A6P0K6B7_9CYAN",2,2130,"Iron uptake porin OS=Symploca sp. SIO3C6 OX=2607803 GN=F6K36_10420 PE=3 SV=1",2607803,4,9,NA,NA,NA
"419","tr|A0A6P0LF96|A0A6P0LF96_9CYAN",2,2520,"Glutathione S-transferase family protein OS=Moorea sp. SIO3H5 OX=2607834 GN=F6K52_25600 PE=3 SV=1",2607834,4,5,NA,NA,NA
"420","tr|A0A6P0Q9P7|A0A6P0Q9P7_9CYAN",4,1101,"BMC domain-containing protein OS=Microcoleus sp. SIO2G3 OX=2607795 GN=F6K28_09415 PE=3 SV=1",2607795,9,10,NA,NA,NA
"421","tr|A0A6P0QDM5|A0A6P0QDM5_9CYAN",4,2059,"Translation initiation factor IF-1 OS=Microcoleus sp. SIO2G3 OX=2607795 GN=infA PE=3 SV=1",2607795,2,NA,NA,NA,NA
"422","tr|A0A6P0Z1I3|A0A6P0Z1I3_9CYAN",2,2130,"Iron uptake porin OS=Merismopedia sp. SIO2A8 OX=2607779 GN=F6K09_23815 PE=3 SV=1",2607779,4,9,NA,NA,NA
"423","tr|A0A6P0Z2K7|A0A6P0Z2K7_9CYAN",3,1249,"DNA-directed RNA polymerase subunit (Fragment) OS=Merismopedia sp. SIO2A8 OX=2607779 GN=F6K09_24125 PE=3 SV=1",2607779,10,8,NA,NA,NA
"424","tr|A0A6S8H488|A0A6S8H488_DUNTE",3,2050,"Superoxide dismutase OS=Dunaliella tertiolecta OX=3047 GN=DTER00134_1486 PE=3 SV=1",3047,NA,2,NA,4,6
"425","tr|A0A6S8JK99|A0A6S8JK99_DUNTE",2,2798,"Elongation factor Tu  chloroplastic OS=Dunaliella tertiolecta OX=3047 GN=DTER00134_9172 PE=3 SV=1",3047,2,NA,3,NA,NA
"426","tr|A0A6T8PRH6|A0A6T8PRH6_9CHLO",2,2798,"Elongation factor Tu  chloroplastic OS=Chlamydomonas leiostraca OX=1034604 GN=CLEI1391_LOCUS67 PE=3 SV=1",1034604,2,NA,3,NA,NA
"427","tr|A0A6U0XQL2|A0A6U0XQL2_9CHLO",2,2798,"Elongation factor Tu  chloroplastic OS=Polytomella parva OX=51329 GN=PPAR00522_16908 PE=3 SV=1",51329,2,NA,3,NA,NA
"428","tr|A0A7C3PJT3|A0A7C3PJT3_9CYAN",2,2048,"Coproporphyrin III ferrochelatase OS=Oscillatoriales cyanobacterium SpSt-418 OX=2282169 GN=ENR64_17815 PE=3 SV=1",2282169,10,4,NA,NA,NA
"429","tr|A0A7C4C091|A0A7C4C091_9BACT",6,675,"60 kDa chaperonin OS=Bryobacteraceae bacterium OX=2212468 GN=groL PE=3 SV=1",2212468,NA,2,NA,NA,NA
"430","tr|A0A7C6DUT5|A0A7C6DUT5_9BACT",2,2489,"DUF4331 domain-containing protein OS=Blastocatellia bacterium OX=2052146 GN=ENR46_01100 PE=4 SV=1",2052146,6,3,NA,NA,NA
"431","tr|A0A7D7QRM1|A0A7D7QRM1_9NOSO",5,1491,"Nucleoside diphosphate kinase OS=Nostoc edaphicum CCNP1411 OX=1472755 GN=ndk PE=3 SV=1",1472755,11,2,NA,NA,NA
"432","tr|A0A7G6Z4U7|A0A7G6Z4U7_9MICO",5,2034,"50S ribosomal protein L7/L12 OS=Glaciihabitans sp. INWT7 OX=2596912 GN=rplL PE=3 SV=1",2596912,2,2,4,NA,NA
"433","tr|A0A7G7SBY3|A0A7G7SBY3_9XANT",8,1239,"Fasciclin OS=Xanthomonas sp. SI OX=2724123 GN=HEP75_03721 PE=4 SV=1",2724123,2,2,NA,NA,NA
"434","tr|A0A7G8VV73|A0A7G8VV73_9BURK",7,545,"OmpA family protein OS=Variovorax sp. PAMC28562 OX=2762323 GN=H7F36_12200 PE=4 SV=1",2762323,NA,NA,2,NA,NA
"435","tr|A0A7G8VYV3|A0A7G8VYV3_9BURK",6,723,"Fasciclin domain-containing protein OS=Variovorax sp. PAMC28562 OX=2762323 GN=H7F36_19635 PE=4 SV=1",2762323,7,11,13,NA,NA
"436","tr|A0A7G8VZN1|A0A7G8VZN1_9BURK",4,1733,"Phasin family protein OS=Variovorax sp. PAMC28562 OX=2762323 GN=H7F36_21235 PE=4 SV=1",2762323,NA,2,NA,NA,NA
"437","tr|A0A7I0EGR3|A0A7I0EGR3_9MICO",8,1380,"Glycerol kinase OS=Cryobacterium sp. TmT3-12 OX=1259266 GN=glpK PE=3 SV=1",1259266,3,2,4,NA,NA
"438","tr|A0A7K0MUL7|A0A7K0MUL7_9ACTN",3,2150,"Fasciclin domain-containing protein OS=Actinobacteria bacterium OX=1883427 GN=F2723_01865 PE=4 SV=1",1883427,5,6,NA,2,NA
"439","tr|A0YYK0|A0YYK0_LYNSP",2,1487,"10 kDa chaperonin OS=Lyngbya sp. (strain PCC 8106) OX=313612 GN=groS PE=3 SV=1",313612,7,15,NA,NA,NA
"440","tr|A3IQ24|A3IQ24_9CHRO",4,2059,"Translation initiation factor IF-1 OS=Crocosphaera chwakensis CCY0110 OX=391612 GN=infA PE=3 SV=1",391612,2,NA,NA,NA,NA
"441","tr|A3IWW6|A3IWW6_9CHRO",2,2756,"Global nitrogen regulator OS=Crocosphaera chwakensis CCY0110 OX=391612 GN=CY0110_23036 PE=4 SV=1",391612,4,NA,NA,NA,NA
"442","tr|A7S8I3|A7S8I3_NEMVE",2,1198,"Tubulin beta chain OS=Nematostella vectensis OX=45351 GN=v1g167737 PE=3 SV=1",45351,14,13,NA,NA,NA
"443","tr|A8YIV7|A8YIV7_MICAE",2,2756,"NtcA OS=Microcystis aeruginosa PCC 7806 OX=267872 GN=ntcA PE=4 SV=1",267872,4,NA,NA,NA,NA
"444","tr|A8YJM7|A8YJM7_MICAE",2,2117,"CpcB protein OS=Microcystis aeruginosa PCC 7806 OX=267872 GN=cpcB PE=3 SV=1",267872,7,5,NA,NA,NA
"445","tr|B4WFW9|B4WFW9_SYNS7",3,2018,"Uncharacterized protein OS=Synechococcus sp. (strain ATCC 29403 / PCC 7335) OX=91464 GN=S7335_1634 PE=4 SV=1",91464,2,NA,NA,NA,NA
"446","tr|B7JZ13|B7JZ13_RIPO1",2,2756,"Transcriptional regulator  Crp/Fnr family OS=Rippkaea orientalis (strain PCC 8801) OX=41431 GN=PCC8801_2058 PE=4 SV=1",41431,4,NA,NA,NA,NA
"447","tr|B9A0N9|B9A0N9_SYNP6",9,354,"60 kDa chaperonin (Fragment) OS=Synechococcus sp. (strain ATCC 27144 / PCC 6301 / SAUG 1402/1) OX=269084 GN=groEL PE=3 SV=1",269084,28,28,8,7,NA
"448","tr|C6PUX4|C6PUX4_9CLOT",2,2864,"Putative regulatory protein CcarbDRAFT_2591 OS=Clostridium carboxidivorans P7 OX=536227 GN=CcarbDRAFT_2591 PE=3 SV=1",536227,3,2,NA,NA,NA
"449","tr|D3EQH2|D3EQH2_ATETH",4,2059,"Translation initiation factor IF-1 OS=Atelocyanobacterium thalassa (isolate ALOHA) OX=1453429 GN=infA PE=3 SV=1",1453429,2,NA,NA,NA,NA
"450","tr|D7DYQ8|D7DYQ8_NOSA0",2,623,"Phycocyanin OS=Nostoc azollae (strain 0708) OX=551115 GN=Aazo_0296 PE=3 SV=1",551115,24,27,NA,NA,NA
"451","tr|D8G191|D8G191_9CYAN",3,2294,"D-3-phosphoglycerate dehydrogenase OS=Kamptonema sp. PCC 6506 OX=272129 GN=OSCI_3000034 PE=3 SV=1",272129,4,5,2,NA,NA
"452","tr|D8THW4|D8THW4_VOLCA",2,2798,"Elongation factor Tu  chloroplastic OS=Volvox carteri f. nagariensis OX=3068 GN=eif1A1 PE=3 SV=1",3068,2,NA,3,NA,NA
"453","tr|D8TNN3|D8TNN3_VOLCA",2,2798,"Elongation factor Tu  chloroplastic OS=Volvox carteri f. nagariensis OX=3068 GN=eef1 PE=3 SV=1",3068,2,NA,3,NA,NA
"454","tr|E0UJB3|E0UJB3_GLOV7",4,2059,"Translation initiation factor IF-1 OS=Gloeothece verrucosa (strain PCC 7822) OX=497965 GN=infA PE=3 SV=1",497965,2,NA,NA,NA,NA
"455","tr|E8WVD9|E8WVD9_GRATM",7,383,"60 kDa chaperonin OS=Granulicella tundricola (strain ATCC BAA-1859 / DSM 23138 / MP5ACTX9) OX=1198114 GN=groL PE=3 SV=1",1198114,NA,2,NA,NA,NA
"456","tr|F5UCR3|F5UCR3_9CYAN",8,343,"ATP synthase subunit alpha OS=Microcoleus vaginatus FGP-2 OX=756067 GN=atpA PE=3 SV=1",756067,29,8,22,NA,NA
"457","tr|F5UCS9|F5UCS9_9CYAN",3,1142,"Two component transcriptional regulator  winged helix family OS=Microcoleus vaginatus FGP-2 OX=756067 GN=MicvaDRAFT_3963 PE=4 SV=1",756067,8,12,NA,NA,NA
"458","tr|F5UED8|F5UED8_9CYAN",2,3179,"Glutaredoxin domain protein region OS=Microcoleus vaginatus FGP-2 OX=756067 GN=MicvaDRAFT_1970 PE=4 SV=1",756067,2,NA,2,NA,NA
"459","tr|F5UG82|F5UG82_9CYAN",4,1515,"DNA-directed RNA polymerase subunit beta' OS=Microcoleus vaginatus FGP-2 OX=756067 GN=rpoC2 PE=3 SV=1",756067,7,5,NA,NA,NA
"460","tr|F5UHU1|F5UHU1_9CYAN",3,2032,"50S ribosomal subunit assembly factor BipA OS=Microcoleus vaginatus FGP-2 OX=756067 GN=bipA PE=3 SV=1",756067,5,2,7,NA,NA
"461","tr|F5UK64|F5UK64_9CYAN",2,1623,"Uncharacterized protein OS=Microcoleus vaginatus FGP-2 OX=756067 GN=MicvaDRAFT_2491 PE=4 SV=1",756067,14,3,NA,NA,NA
"462","tr|F5UM86|F5UM86_9CYAN",4,505,"Microcompartments protein OS=Microcoleus vaginatus FGP-2 OX=756067 GN=MicvaDRAFT_0633 PE=3 SV=1",756067,21,13,20,NA,NA
"463","tr|F5UMC9|F5UMC9_9CYAN",4,1280,"30S ribosomal protein S9 OS=Microcoleus vaginatus FGP-2 OX=756067 GN=rpsI PE=3 SV=1",756067,6,3,13,NA,NA
"464","tr|F5UP33|F5UP33_9CYAN",4,1543,"Photosystem II CP47 reaction center protein OS=Microcoleus vaginatus FGP-2 OX=756067 GN=psbB PE=3 SV=1",756067,6,NA,2,NA,NA
"465","tr|G5JCS8|G5JCS8_CROWT",2,2756,"Global nitrogen regulatory protein OS=Crocosphaera watsonii WH 0003 OX=423471 GN=CWATWH0003_5228 PE=4 SV=1",423471,4,NA,NA,NA,NA
"466","tr|G6FTS0|G6FTS0_9CYAN",3,1249,"DNA-directed RNA polymerase subunit gamma OS=Fischerella thermalis OX=372787 GN=rpoC1 PE=3 SV=1",372787,10,8,NA,NA,NA
"467","tr|G6FXP5|G6FXP5_9CYAN",3,1142,"Two component transcriptional regulator  winged helix family OS=Fischerella thermalis OX=372787 GN=FJSC11DRAFT_3644 PE=4 SV=1",372787,8,12,NA,NA,NA
"468","tr|I4CVR8|I4CVR8_PSEST",2,2753,"DNA-binding stress protein OS=Pseudomonas stutzeri CCUG 29243 OX=1196835 GN=A458_14730 PE=3 SV=1",1196835,5,2,NA,NA,NA
"469","tr|I4FM80|I4FM80_MICAE",2,2117,"C-phycocyanin beta chain OS=Microcystis aeruginosa PCC 9717 OX=1160286 GN=cpcB PE=3 SV=1",1160286,7,5,NA,NA,NA
"470","tr|I4G9Z5|I4G9Z5_MICAE",2,2117,"C-phycocyanin beta chain OS=Microcystis aeruginosa PCC 9443 OX=1160281 GN=cpcB PE=3 SV=1",1160281,7,5,NA,NA,NA
"471","tr|I4GDM5|I4GDM5_MICAE",2,2117,"C-phycocyanin beta chain OS=Microcystis aeruginosa PCC 7941 OX=213618 GN=cpcB PE=3 SV=1",213618,7,5,NA,NA,NA
"472","tr|I4H4C4|I4H4C4_MICAE",4,2059,"Translation initiation factor IF-1 OS=Microcystis aeruginosa PCC 9807 OX=1160283 GN=infA PE=3 SV=1",1160283,2,NA,NA,NA,NA
"473","tr|I4HAS2|I4HAS2_MICAE",2,2117,"C-phycocyanin beta chain OS=Microcystis aeruginosa PCC 9807 OX=1160283 GN=cpcB PE=3 SV=1",1160283,7,5,NA,NA,NA
"474","tr|I4HMM0|I4HMM0_MICAE",4,2059,"Translation initiation factor IF-1 OS=Microcystis aeruginosa PCC 9808 OX=1160284 GN=infA PE=3 SV=1",1160284,2,NA,NA,NA,NA
"475","tr|I4HRL4|I4HRL4_MICAE",2,2117,"C-phycocyanin beta chain OS=Microcystis aeruginosa PCC 9808 OX=1160284 GN=cpcB PE=3 SV=1",1160284,7,5,NA,NA,NA
"476","tr|I4I9W3|I4I9W3_9CHRO",2,2756,"Global nitrogen regulator OS=Microcystis sp. T1-4 OX=1160279 GN=ntcA PE=4 SV=1",1160279,4,NA,NA,NA,NA
"477","tr|I4IHM5|I4IHM5_9CHRO",2,2117,"C-phycocyanin beta chain OS=Microcystis sp. T1-4 OX=1160279 GN=cpcB PE=3 SV=1",1160279,7,5,NA,NA,NA
"478","tr|J9RBL9|J9RBL9_ADIRI",2,834,"Tubulin alpha chain (Fragment) OS=Adineta ricciae OX=249248 PE=3 SV=1",249248,12,25,NA,NA,NA
"479","tr|J9RBR4|J9RBR4_ADIVA",2,834,"Tubulin alpha chain (Fragment) OS=Adineta vaga OX=104782 PE=3 SV=1",104782,12,25,NA,NA,NA
"480","tr|K7W689|K7W689_9NOST",4,1101,"Carbon dioxide concentrating mechanism protein OS=Anabaena sp. 90 OX=46234 GN=ccmK PE=3 SV=1",46234,9,10,NA,NA,NA
"481","tr|K9RJ43|K9RJ43_9CYAN",11,228,"Secreted/surface protein with fasciclin-like repeats OS=Rivularia sp. PCC 7116 OX=373994 GN=Riv7116_5095 PE=4 SV=1",373994,12,12,14,4,7
"482","tr|K9RNQ0|K9RNQ0_SYNP3",3,2018,"Uncharacterized protein OS=Synechococcus sp. (strain ATCC 27167 / PCC 6312) OX=195253 GN=Syn6312_0347 PE=4 SV=1",195253,2,NA,NA,NA,NA
"483","tr|K9S568|K9S568_9CYAN",4,2059,"Translation initiation factor IF-1 OS=Geitlerinema sp. PCC 7407 OX=1173025 GN=infA PE=3 SV=1",1173025,2,NA,NA,NA,NA
"484","tr|K9SA05|K9SA05_9CYAN",2,2760,"Argininosuccinate synthase OS=Geitlerinema sp. PCC 7407 OX=1173025 GN=argG PE=3 SV=1",1173025,NA,4,NA,NA,NA
"485","tr|K9T5H0|K9T5H0_9CYAN",2,2318,"NADPH-protochlorophyllide oxidoreductase OS=Pleurocapsa sp. PCC 7327 OX=118163 GN=Ple7327_2034 PE=3 SV=1",118163,3,7,NA,NA,NA
"486","tr|K9T5I6|K9T5I6_9CYAN",2,2756,"Global nitrogen regulator NtcA  cyanobacterial OS=Pleurocapsa sp. PCC 7327 OX=118163 GN=Ple7327_2383 PE=4 SV=1",118163,4,NA,NA,NA,NA
"487","tr|K9TBE4|K9TBE4_9CYAN",11,189,"Secreted/surface protein with fasciclin-like repeats OS=Pleurocapsa sp. PCC 7327 OX=118163 GN=Ple7327_4652 PE=4 SV=1",118163,11,13,6,4,7
"488","tr|K9TTH5|K9TTH5_CHRTP",2,2577,"Allophycocyanin alpha-B subunit apoprotein OS=Chroococcidiopsis thermalis (strain PCC 7203) OX=251229 GN=Chro_0290 PE=3 SV=1",251229,4,4,NA,NA,NA
"489","tr|K9U210|K9U210_CHRTP",3,338,"Phycocyanin OS=Chroococcidiopsis thermalis (strain PCC 7203) OX=251229 GN=Chro_3401 PE=3 SV=1",251229,46,37,NA,13,NA
"490","tr|K9U8R2|K9U8R2_CHAP6",3,2398,"SpoVT-AbrB domain-containing protein OS=Chamaesiphon minutus (strain ATCC 27169 / PCC 6605) OX=1173020 GN=Cha6605_0166 PE=4 SV=1",1173020,3,4,NA,2,NA
"491","tr|K9UCY3|K9UCY3_CHAP6",4,1996,"Carbohydrate-selective porin  OprB family OS=Chamaesiphon minutus (strain ATCC 27169 / PCC 6605) OX=1173020 GN=Cha6605_0807 PE=3 SV=1",1173020,2,6,NA,2,3
"492","tr|K9UGN6|K9UGN6_CHAP6",4,1878,"ATP-dependent Clp protease proteolytic subunit OS=Chamaesiphon minutus (strain ATCC 27169 / PCC 6605) OX=1173020 GN=Cha6605_2963 PE=3 SV=1",1173020,4,4,NA,NA,NA
"493","tr|K9UJ19|K9UJ19_CHAP6",6,292,"Allophycocyanin alpha subunit apoprotein OS=Chamaesiphon minutus (strain ATCC 27169 / PCC 6605) OX=1173020 GN=Cha6605_3804 PE=3 SV=1",1173020,35,45,9,15,NA
"494","tr|K9UK33|K9UK33_CHAP6",5,191,"Allophycocyanin beta subunit apoprotein OS=Chamaesiphon minutus (strain ATCC 27169 / PCC 6605) OX=1173020 GN=Cha6605_3805 PE=3 SV=1",1173020,59,45,6,15,24
"495","tr|K9UKE4|K9UKE4_CHAP6",2,2452,"Thioredoxin OS=Chamaesiphon minutus (strain ATCC 27169 / PCC 6605) OX=1173020 GN=Cha6605_3698 PE=3 SV=1",1173020,2,7,NA,NA,NA
"496","tr|K9UKY8|K9UKY8_CHAP6",3,2018,"Uncharacterized protein OS=Chamaesiphon minutus (strain ATCC 27169 / PCC 6605) OX=1173020 GN=Cha6605_4181 PE=4 SV=1",1173020,2,NA,NA,NA,NA
"497","tr|K9UMB4|K9UMB4_CHAP6",8,550,"60 kDa chaperonin OS=Chamaesiphon minutus (strain ATCC 27169 / PCC 6605) OX=1173020 GN=groL PE=3 SV=1",1173020,12,26,NA,2,2
"498","tr|K9UN03|K9UN03_CHAP6",2,2352,"SpoVT-AbrB domain-containing protein OS=Chamaesiphon minutus (strain ATCC 27169 / PCC 6605) OX=1173020 GN=Cha6605_5158 PE=4 SV=1",1173020,2,NA,NA,NA,8
"499","tr|K9V9U7|K9V9U7_9CYAN",2,1917,"Glutamine synthetase I beta OS=Calothrix sp. PCC 6303 OX=1170562 GN=Cal6303_5132 PE=3 SV=1",1170562,12,3,NA,NA,NA
"500","tr|K9VEZ1|K9VEZ1_9CYAN",9,389,"Cyanobacterial porin OS=Oscillatoria nigro-viridis PCC 7112 OX=179408 GN=Osc7112_1546 PE=3 SV=1",179408,7,6,15,2,NA
"501","tr|K9VI22|K9VI22_9CYAN",5,694,"Polyribonucleotide nucleotidyltransferase OS=Oscillatoria nigro-viridis PCC 7112 OX=179408 GN=pnp PE=3 SV=1",179408,14,12,15,NA,NA
"502","tr|K9VMX0|K9VMX0_9CYAN",2,2012,"Phosphoglucosamine mutase OS=Oscillatoria nigro-viridis PCC 7112 OX=179408 GN=Osc7112_4222 PE=3 SV=1",179408,10,4,NA,NA,NA
"503","tr|K9VPE0|K9VPE0_9CYAN",4,1515,"DNA-directed RNA polymerase subunit beta' OS=Oscillatoria nigro-viridis PCC 7112 OX=179408 GN=rpoC2 PE=3 SV=1",179408,7,5,NA,NA,NA
"504","tr|K9VPJ4|K9VPJ4_9CYAN",4,505,"Microcompartments protein OS=Oscillatoria nigro-viridis PCC 7112 OX=179408 GN=Osc7112_5168 PE=3 SV=1",179408,21,13,20,NA,NA
"505","tr|K9VQM4|K9VQM4_9CYAN",4,1280,"30S ribosomal protein S9 OS=Oscillatoria nigro-viridis PCC 7112 OX=179408 GN=rpsI PE=3 SV=1",179408,6,3,13,NA,NA
"506","tr|K9VSN3|K9VSN3_9CYAN",2,1675,"Orange carotenoid-binding protein OS=Crinalium epipsammum PCC 9333 OX=1173022 GN=Cri9333_0045 PE=3 SV=1",1173022,10,8,NA,NA,NA
"507","tr|K9VTC0|K9VTC0_9CYAN",10,351,"ATPase AAA-2 domain protein OS=Crinalium epipsammum PCC 9333 OX=1173022 GN=Cri9333_0177 PE=3 SV=1",1173022,33,15,3,8,10
"508","tr|K9VUT6|K9VUT6_9CYAN",2,2110,"Orange carotenoid-binding protein OS=Crinalium epipsammum PCC 9333 OX=1173022 GN=Cri9333_0797 PE=3 SV=1",1173022,6,7,NA,NA,NA
"509","tr|K9VVC5|K9VVC5_9CYAN",3,954,"Ferritin Dps family protein OS=Crinalium epipsammum PCC 9333 OX=1173022 GN=Cri9333_0110 PE=3 SV=1",1173022,12,15,NA,NA,NA
"510","tr|K9VVF0|K9VVF0_9CYAN",3,1024,"Fructose-1 6-bisphosphate aldolase OS=Crinalium epipsammum PCC 9333 OX=1173022 GN=Cri9333_1042 PE=3 SV=1",1173022,17,13,NA,NA,NA
"511","tr|K9VVG4|K9VVG4_9CYAN",2,2909,"Uncharacterized protein OS=Crinalium epipsammum PCC 9333 OX=1173022 GN=Cri9333_1179 PE=4 SV=1",1173022,3,2,NA,NA,NA
"512","tr|K9VWJ1|K9VWJ1_9CYAN",6,457,"60 kDa chaperonin OS=Crinalium epipsammum PCC 9333 OX=1173022 GN=groL PE=3 SV=1",1173022,33,19,NA,NA,NA
"513","tr|K9VXC7|K9VXC7_9CYAN",2,1589,"Superoxide dismutase OS=Crinalium epipsammum PCC 9333 OX=1173022 GN=Cri9333_1305 PE=3 SV=1",1173022,12,6,NA,NA,NA
"514","tr|K9VXH0|K9VXH0_9CYAN",3,1170,"10 kDa chaperonin OS=Crinalium epipsammum PCC 9333 OX=1173022 GN=groS PE=3 SV=1",1173022,15,7,NA,6,NA
"515","tr|K9VXH7|K9VXH7_9CYAN",2,920,"Phycobiliprotein ApcE OS=Crinalium epipsammum PCC 9333 OX=1173022 GN=Cri9333_1937 PE=3 SV=1",1173022,29,5,NA,NA,NA
"516","tr|K9VXL9|K9VXL9_9CYAN",2,1841,"D-3-phosphoglycerate dehydrogenase OS=Crinalium epipsammum PCC 9333 OX=1173022 GN=Cri9333_1821 PE=3 SV=1",1173022,9,4,NA,NA,NA
"517","tr|K9VXM5|K9VXM5_9CYAN",3,2403,"Photosystem I reaction center subunit II OS=Crinalium epipsammum PCC 9333 OX=1173022 GN=Cri9333_1826 PE=3 SV=1",1173022,3,NA,NA,NA,NA
"518","tr|K9VXV3|K9VXV3_9CYAN",2,2202,"Adenosylhomocysteinase OS=Crinalium epipsammum PCC 9333 OX=1173022 GN=ahcY PE=3 SV=1",1173022,4,8,NA,NA,NA
"519","tr|K9VXY4|K9VXY4_9CYAN",7,504,"ATP synthase subunit alpha OS=Crinalium epipsammum PCC 9333 OX=1173022 GN=atpA PE=3 SV=1",1173022,23,11,11,NA,NA
"520","tr|K9VY19|K9VY19_9CYAN",3,1978,"Translation initiation factor IF-2 OS=Crinalium epipsammum PCC 9333 OX=1173022 GN=infB PE=3 SV=1",1173022,7,3,2,NA,NA
"521","tr|K9VY78|K9VY78_9CYAN",3,1732,"Enolase OS=Crinalium epipsammum PCC 9333 OX=1173022 GN=eno PE=3 SV=1",1173022,7,8,NA,NA,NA
"522","tr|K9VY82|K9VY82_9CYAN",3,824,"Microcompartments protein OS=Crinalium epipsammum PCC 9333 OX=1173022 GN=Cri9333_1587 PE=3 SV=1",1173022,13,13,12,NA,NA
"523","tr|K9VYP7|K9VYP7_9CYAN",3,2389,"Peptidyl-prolyl cis-trans isomerase OS=Crinalium epipsammum PCC 9333 OX=1173022 GN=Cri9333_1396 PE=3 SV=1",1173022,2,NA,NA,NA,NA
"524","tr|K9VZI6|K9VZI6_9CYAN",3,1406,"Photosystem I P700 chlorophyll a apoprotein A1 OS=Crinalium epipsammum PCC 9333 OX=1173022 GN=psaA PE=3 SV=1",1173022,12,8,NA,NA,NA
"525","tr|K9VZS5|K9VZS5_9CYAN",4,1790,"Cysteine synthase OS=Crinalium epipsammum PCC 9333 OX=1173022 GN=Cri9333_1780 PE=3 SV=1",1173022,9,4,NA,NA,NA
"526","tr|K9W058|K9W058_9CYAN",3,2325,"50S ribosomal protein L15 OS=Crinalium epipsammum PCC 9333 OX=1173022 GN=rplO PE=3 SV=1",1173022,5,NA,NA,NA,NA
"527","tr|K9W094|K9W094_9CYAN",3,1323,"Glyceraldehyde-3-phosphate dehydrogenase OS=Crinalium epipsammum PCC 9333 OX=1173022 GN=Cri9333_2336 PE=3 SV=1",1173022,16,6,NA,NA,NA
"528","tr|K9W095|K9W095_9CYAN",5,1173,"DNA-directed RNA polymerase subunit alpha OS=Crinalium epipsammum PCC 9333 OX=1173022 GN=rpoA PE=3 SV=1",1173022,10,5,NA,NA,NA
"529","tr|K9W0M2|K9W0M2_9CYAN",2,2142,"Transcriptional regulator  AbrB family OS=Crinalium epipsammum PCC 9333 OX=1173022 GN=Cri9333_2472 PE=4 SV=1",1173022,9,3,NA,NA,NA
"530","tr|K9W0X8|K9W0X8_9CYAN",3,1677,"Urea-binding protein OS=Crinalium epipsammum PCC 9333 OX=1173022 GN=Cri9333_2546 PE=4 SV=1",1173022,9,3,NA,NA,NA
"531","tr|K9W1H0|K9W1H0_9CYAN",6,1041,"RNP-1 like RNA-binding protein OS=Crinalium epipsammum PCC 9333 OX=1173022 GN=Cri9333_2725 PE=4 SV=1",1173022,9,6,NA,NA,NA
"532","tr|K9W2I2|K9W2I2_9CYAN",5,1751,"Anti-sigma factor antagonist OS=Crinalium epipsammum PCC 9333 OX=1173022 GN=Cri9333_3134 PE=3 SV=1",1173022,3,2,NA,NA,NA
"533","tr|K9W2L9|K9W2L9_9CYAN",2,1666,"17 kDa surface antigen OS=Crinalium epipsammum PCC 9333 OX=1173022 GN=Cri9333_3169 PE=4 SV=1",1173022,15,4,NA,NA,NA
"534","tr|K9W333|K9W333_9CYAN",2,2235,"Two component transcriptional regulator  LuxR family OS=Crinalium epipsammum PCC 9333 OX=1173022 GN=Cri9333_3370 PE=4 SV=1",1173022,7,3,NA,NA,NA
"535","tr|K9W3R6|K9W3R6_9CYAN",2,811,"Alkyl hydroperoxide reductase/ Thiol specific antioxidant/ Mal allergen OS=Crinalium epipsammum PCC 9333 OX=1173022 GN=Cri9333_4046 PE=4 SV=1",1173022,23,17,NA,NA,NA
"536","tr|K9W3S1|K9W3S1_9CYAN",2,2152,"Photosystem II manganese-stabilizing polypeptide OS=Crinalium epipsammum PCC 9333 OX=1173022 GN=Cri9333_3232 PE=3 SV=1",1173022,10,3,NA,NA,NA
"537","tr|K9W427|K9W427_9CYAN",2,2627,"Catalase OS=Crinalium epipsammum PCC 9333 OX=1173022 GN=Cri9333_4317 PE=3 SV=1",1173022,2,6,NA,NA,NA
"538","tr|K9W5Y7|K9W5Y7_9CYAN",3,1678,"Rhodanese-like protein OS=Crinalium epipsammum PCC 9333 OX=1173022 GN=Cri9333_4426 PE=4 SV=1",1173022,13,4,NA,NA,NA
"539","tr|K9W6E6|K9W6E6_9CYAN",2,1419,"Uncharacterized protein OS=Crinalium epipsammum PCC 9333 OX=1173022 GN=Cri9333_4552 PE=4 SV=1",1173022,12,11,NA,NA,NA
"540","tr|K9WGY9|K9WGY9_9CYAN",2,2534,"Uncharacterized protein OS=Microcoleus sp. PCC 7113 OX=1173027 GN=Mic7113_3749 PE=4 SV=1",1173027,7,2,NA,NA,NA
"541","tr|K9X2K6|K9X2K6_9NOST",5,1491,"Nucleoside diphosphate kinase OS=Cylindrospermum stagnale PCC 7417 OX=56107 GN=ndk PE=3 SV=1",56107,11,2,NA,NA,NA
"542","tr|K9X9D5|K9X9D5_9CHRO",7,1133,"Microcompartments protein OS=Gloeocapsa sp. PCC 7428 OX=1173026 GN=Glo7428_0668 PE=3 SV=1",1173026,5,3,3,NA,NA
"543","tr|K9XEM2|K9XEM2_9CHRO",5,1400,"ATP-dependent zinc metalloprotease FtsH OS=Gloeocapsa sp. PCC 7428 OX=1173026 GN=ftsH PE=3 SV=1",1173026,7,5,4,2,2
"544","tr|K9XKJ2|K9XKJ2_9CHRO",4,320,"Phycocyanin  beta subunit OS=Gloeocapsa sp. PCC 7428 OX=1173026 GN=Glo7428_4607 PE=3 SV=1",1173026,42,38,NA,4,19
"545","tr|K9ZHP7|K9ZHP7_ANACC",3,1142,"Two component transcriptional regulator  winged helix family OS=Anabaena cylindrica (strain ATCC 27899 / PCC 7122) OX=272123 GN=Anacy_2842 PE=4 SV=1",272123,8,12,NA,NA,NA
"546","tr|K9ZJD6|K9ZJD6_ANACC",4,2059,"Translation initiation factor IF-1 OS=Anabaena cylindrica (strain ATCC 27899 / PCC 7122) OX=272123 GN=infA PE=3 SV=1",272123,2,NA,NA,NA,NA
"547","tr|L0DHM7|L0DHM7_SINAD",3,2233,"RRM domain-containing RNA-binding protein OS=Singulisphaera acidiphila (strain ATCC BAA-1392 / DSM 18658 / VKM B-2454 / MOB10) OX=886293 GN=Sinac_3965 PE=4 SV=1",886293,NA,2,NA,NA,NA
"548","tr|L7E451|L7E451_MICAE",2,2117,"Phycocyanin  beta subunit OS=Microcystis aeruginosa TAIHU98 OX=1134457 GN=cpcB PE=3 SV=1",1134457,7,5,NA,NA,NA
"549","tr|L8N0G6|L8N0G6_9CYAN",2,2257,"Phycocyanin  beta subunit OS=Pseudanabaena biceps PCC 7429 OX=927668 GN=Pse7429DRAFT_3555 PE=3 SV=1",927668,NA,4,7,NA,NA
"550","tr|L8NS07|L8NS07_MICAE",2,2117,"Phycocyanin  beta subunit OS=Microcystis aeruginosa DIANCHI905 OX=1235808 GN=cpcB PE=3 SV=1",1235808,7,5,NA,NA,NA
"551","tr|L8NVY6|L8NVY6_MICAE",2,2756,"Global nitrogen regulator OS=Microcystis aeruginosa DIANCHI905 OX=1235808 GN=ntcA PE=4 SV=1",1235808,4,NA,NA,NA,NA
"552","tr|P94611|P94611_CROS5",2,2756,"NtcA OS=Crocosphaera subtropica (strain ATCC 51142 / BH68) OX=43989 GN=ntcA PE=4 SV=1",43989,4,NA,NA,NA,NA
"553","tr|Q2TLN1|Q2TLN1_DUNSA",3,2050,"Superoxide dismutase OS=Dunaliella salina OX=3046 PE=2 SV=1",3046,NA,2,NA,4,6
"554","tr|Q4BWB1|Q4BWB1_CROWT",2,2756,"Cyclic nucleotide-binding:Bacterial regulatory protein  Crp OS=Crocosphaera watsonii WH 8501 OX=165597 GN=CwatDRAFT_0834 PE=4 SV=1",165597,4,NA,NA,NA,NA
"555","tr|S3K9U2|S3K9U2_MICAE",2,2117,"C-phycocyanin beta chain OS=Microcystis aeruginosa SPC777 OX=482300 GN=MAESPC_02503 PE=3 SV=1",482300,7,5,NA,NA,NA
"556","tr|T2IMV1|T2IMV1_CROWT",4,2059,"Translation initiation factor IF-1 OS=Crocosphaera watsonii WH 8502 OX=423474 GN=infA PE=3 SV=1",423474,2,NA,NA,NA,NA
"557","tr|T2IRH0|T2IRH0_CROWT",2,2756,"Global nitrogen regulatory protein  CRP family of transcriptional regulators OS=Crocosphaera watsonii WH 0005 OX=423472 GN=CWATWH0005_3729 PE=4 SV=1",423472,4,NA,NA,NA,NA
"558","tr|U7QCR5|U7QCR5_9CYAN",2,1487,"10 kDa chaperonin OS=Lyngbya aestuarii BL J OX=1348334 GN=groS PE=3 SV=1",1348334,7,15,NA,NA,NA
"559","tr|U7QGP0|U7QGP0_9CYAN",9,315,"Allophycocyanin  beta subunit OS=Lyngbya aestuarii BL J OX=1348334 GN=M595_2924 PE=3 SV=1",1348334,28,27,NA,8,21
"560","tr|W0FKH3|W0FKH3_9CYAN",3,2132,"50S ribosomal protein L4 OS=uncultured Phormidium sp. OX=259949 GN=L4P PE=3 SV=1",259949,7,NA,3,NA,NA
